"Date","Source","Site ID","POC","Daily Max 1-hour SO2 Concentration","Units","Daily AQI Value","Local Site Name","Daily Obs Count","Percent Complete","AQS Parameter Code","AQS Parameter Description","Method Code","CBSA Code","CBSA Name","State FIPS Code","State","County FIPS Code","County","Site Latitude","Site Longitude"
"01/01/2023","AQS","011179001","1","0.4","ppb","0","Lhoist, Montevallo Plant","23","96.0000","42401","Sulfur dioxide","100","13820","Birmingham-Hoover, AL","01","Alabama","117","Shelby","33.0928","-86.8072"
"01/02/2023","AQS","011179001","1","0.5","ppb","0","Lhoist, Montevallo Plant","23","96.0000","42401","Sulfur dioxide","100","13820","Birmingham-Hoover, AL","01","Alabama","117","Shelby","33.0928","-86.8072"
"01/03/2023","AQS","011179001","1","0.3","ppb","0","Lhoist, Montevallo Plant","23","96.0000","42401","Sulfur dioxide","100","13820","Birmingham-Hoover, AL","01","Alabama","117","Shelby","33.0928","-86.8072"
"01/04/2023","AQS","011179001","1","0.6","ppb","0","Lhoist, Montevallo Plant","22","92.0000","42401","Sulfur dioxide","100","13820","Birmingham-Hoover, AL","01","Alabama","117","Shelby","33.0928","-86.8072"
"01/05/2023","AQS","011179001","1","0.8","ppb","0","Lhoist, Montevallo Plant","23","96.0000","42401","Sulfur dioxide","100","13820","Birmingham-Hoover, AL","01","Alabama","117","Shelby","33.0928","-86.8072"
"01/06/2023","AQS","011179001","1","0.7","ppb","0","Lhoist, Montevallo Plant","23","96.0000","42401","Sulfur dioxide","100","13820","Birmingham-Hoover, AL","01","Alabama","117","Shelby","33.0928","-86.8072"
"01/07/2023","AQS","011179001","1","1.3","ppb","1","Lhoist, Montevallo Plant","23","96.0000","42401","Sulfur dioxide","100","13820","Birmingham-Hoover, AL","01","Alabama","117","Shelby","33.0928","-86.8072"
"01/08/2023","AQS","011179001","1","0.2","ppb","0","Lhoist, Montevallo Plant","23","96.0000","42401","Sulfur dioxide","100","13820","Birmingham-Hoover, AL","01","Alabama","117","Shelby","33.0928","-86.8072"
"01/09/2023","AQS","011179001","1","1.8","ppb","1","Lhoist, Montevallo Plant","22","92.0000","42401","Sulfur dioxide","100","13820","Birmingham-Hoover, AL","01","Alabama","117","Shelby","33.0928","-86.8072"
"01/10/2023","AQS","011179001","1","1.3","ppb","1","Lhoist, Montevallo Plant","23","96.0000","42401","Sulfur dioxide","100","13820","Birmingham-Hoover, AL","01","Alabama","117","Shelby","33.0928","-86.8072"
"01/11/2023","AQS","011179001","1","0.5","ppb","0","Lhoist, Montevallo Plant","23","96.0000","42401","Sulfur dioxide","100","13820","Birmingham-Hoover, AL","01","Alabama","117","Shelby","33.0928","-86.8072"
"01/12/2023","AQS","011179001","1","0.3","ppb","0","Lhoist, Montevallo Plant","23","96.0000","42401","Sulfur dioxide","100","13820","Birmingham-Hoover, AL","01","Alabama","117","Shelby","33.0928","-86.8072"
"01/13/2023","AQS","011179001","1","0.3","ppb","0","Lhoist, Montevallo Plant","23","96.0000","42401","Sulfur dioxide","100","13820","Birmingham-Hoover, AL","01","Alabama","117","Shelby","33.0928","-86.8072"
"01/14/2023","AQS","011179001","1","0.4","ppb","0","Lhoist, Montevallo Plant","23","96.0000","42401","Sulfur dioxide","100","13820","Birmingham-Hoover, AL","01","Alabama","117","Shelby","33.0928","-86.8072"
"01/15/2023","AQS","011179001","1","33","ppb","47","Lhoist, Montevallo Plant","23","96.0000","42401","Sulfur dioxide","100","13820","Birmingham-Hoover, AL","01","Alabama","117","Shelby","33.0928","-86.8072"
"01/16/2023","AQS","011179001","1","0.7","ppb","0","Lhoist, Montevallo Plant","22","92.0000","42401","Sulfur dioxide","100","13820","Birmingham-Hoover, AL","01","Alabama","117","Shelby","33.0928","-86.8072"
"01/17/2023","AQS","011179001","1","1","ppb","1","Lhoist, Montevallo Plant","23","96.0000","42401","Sulfur dioxide","100","13820","Birmingham-Hoover, AL","01","Alabama","117","Shelby","33.0928","-86.8072"
"01/18/2023","AQS","011179001","1","0.8","ppb","0","Lhoist, Montevallo Plant","23","96.0000","42401","Sulfur dioxide","100","13820","Birmingham-Hoover, AL","01","Alabama","117","Shelby","33.0928","-86.8072"
"01/19/2023","AQS","011179001","1","0.4","ppb","0","Lhoist, Montevallo Plant","23","96.0000","42401","Sulfur dioxide","100","13820","Birmingham-Hoover, AL","01","Alabama","117","Shelby","33.0928","-86.8072"
"01/20/2023","AQS","011179001","1","0.4","ppb","0","Lhoist, Montevallo Plant","23","96.0000","42401","Sulfur dioxide","100","13820","Birmingham-Hoover, AL","01","Alabama","117","Shelby","33.0928","-86.8072"
"01/21/2023","AQS","011179001","1","1.1","ppb","1","Lhoist, Montevallo Plant","23","96.0000","42401","Sulfur dioxide","100","13820","Birmingham-Hoover, AL","01","Alabama","117","Shelby","33.0928","-86.8072"
"01/22/2023","AQS","011179001","1","0.6","ppb","0","Lhoist, Montevallo Plant","23","96.0000","42401","Sulfur dioxide","100","13820","Birmingham-Hoover, AL","01","Alabama","117","Shelby","33.0928","-86.8072"
"01/23/2023","AQS","011179001","1","0.9","ppb","0","Lhoist, Montevallo Plant","22","92.0000","42401","Sulfur dioxide","100","13820","Birmingham-Hoover, AL","01","Alabama","117","Shelby","33.0928","-86.8072"
"01/24/2023","AQS","011179001","1","33.6","ppb","47","Lhoist, Montevallo Plant","23","96.0000","42401","Sulfur dioxide","100","13820","Birmingham-Hoover, AL","01","Alabama","117","Shelby","33.0928","-86.8072"
"01/25/2023","AQS","011179001","1","0.5","ppb","0","Lhoist, Montevallo Plant","23","96.0000","42401","Sulfur dioxide","100","13820","Birmingham-Hoover, AL","01","Alabama","117","Shelby","33.0928","-86.8072"
"01/26/2023","AQS","011179001","1","0.6","ppb","0","Lhoist, Montevallo Plant","23","96.0000","42401","Sulfur dioxide","100","13820","Birmingham-Hoover, AL","01","Alabama","117","Shelby","33.0928","-86.8072"
"01/27/2023","AQS","011179001","1","1","ppb","1","Lhoist, Montevallo Plant","23","96.0000","42401","Sulfur dioxide","100","13820","Birmingham-Hoover, AL","01","Alabama","117","Shelby","33.0928","-86.8072"
"01/28/2023","AQS","011179001","1","1","ppb","1","Lhoist, Montevallo Plant","23","96.0000","42401","Sulfur dioxide","100","13820","Birmingham-Hoover, AL","01","Alabama","117","Shelby","33.0928","-86.8072"
"01/29/2023","AQS","011179001","1","0.7","ppb","0","Lhoist, Montevallo Plant","23","96.0000","42401","Sulfur dioxide","100","13820","Birmingham-Hoover, AL","01","Alabama","117","Shelby","33.0928","-86.8072"
"01/30/2023","AQS","011179001","1","0.7","ppb","0","Lhoist, Montevallo Plant","23","96.0000","42401","Sulfur dioxide","100","13820","Birmingham-Hoover, AL","01","Alabama","117","Shelby","33.0928","-86.8072"
"01/31/2023","AQS","011179001","1","0.5","ppb","0","Lhoist, Montevallo Plant","23","96.0000","42401","Sulfur dioxide","100","13820","Birmingham-Hoover, AL","01","Alabama","117","Shelby","33.0928","-86.8072"
"02/01/2023","AQS","011179001","1","0.7","ppb","0","Lhoist, Montevallo Plant","23","96.0000","42401","Sulfur dioxide","100","13820","Birmingham-Hoover, AL","01","Alabama","117","Shelby","33.0928","-86.8072"
"02/02/2023","AQS","011179001","1","0.6","ppb","0","Lhoist, Montevallo Plant","23","96.0000","42401","Sulfur dioxide","100","13820","Birmingham-Hoover, AL","01","Alabama","117","Shelby","33.0928","-86.8072"
"02/03/2023","AQS","011179001","1","2.3","ppb","3","Lhoist, Montevallo Plant","23","96.0000","42401","Sulfur dioxide","100","13820","Birmingham-Hoover, AL","01","Alabama","117","Shelby","33.0928","-86.8072"
"02/04/2023","AQS","011179001","1","18.9","ppb","26","Lhoist, Montevallo Plant","23","96.0000","42401","Sulfur dioxide","100","13820","Birmingham-Hoover, AL","01","Alabama","117","Shelby","33.0928","-86.8072"
"02/05/2023","AQS","011179001","1","0.6","ppb","0","Lhoist, Montevallo Plant","23","96.0000","42401","Sulfur dioxide","100","13820","Birmingham-Hoover, AL","01","Alabama","117","Shelby","33.0928","-86.8072"
"02/06/2023","AQS","011179001","1","24.7","ppb","34","Lhoist, Montevallo Plant","22","92.0000","42401","Sulfur dioxide","100","13820","Birmingham-Hoover, AL","01","Alabama","117","Shelby","33.0928","-86.8072"
"02/07/2023","AQS","011179001","1","7.3","ppb","10","Lhoist, Montevallo Plant","23","96.0000","42401","Sulfur dioxide","100","13820","Birmingham-Hoover, AL","01","Alabama","117","Shelby","33.0928","-86.8072"
"02/08/2023","AQS","011179001","1","0.7","ppb","0","Lhoist, Montevallo Plant","23","96.0000","42401","Sulfur dioxide","100","13820","Birmingham-Hoover, AL","01","Alabama","117","Shelby","33.0928","-86.8072"
"02/09/2023","AQS","011179001","1","0.6","ppb","0","Lhoist, Montevallo Plant","19","79.0000","42401","Sulfur dioxide","100","13820","Birmingham-Hoover, AL","01","Alabama","117","Shelby","33.0928","-86.8072"
"02/10/2023","AQS","011179001","1","1.6","ppb","1","Lhoist, Montevallo Plant","23","96.0000","42401","Sulfur dioxide","100","13820","Birmingham-Hoover, AL","01","Alabama","117","Shelby","33.0928","-86.8072"
"02/11/2023","AQS","011179001","1","0.7","ppb","0","Lhoist, Montevallo Plant","23","96.0000","42401","Sulfur dioxide","100","13820","Birmingham-Hoover, AL","01","Alabama","117","Shelby","33.0928","-86.8072"
"02/12/2023","AQS","011179001","1","0.8","ppb","0","Lhoist, Montevallo Plant","23","96.0000","42401","Sulfur dioxide","100","13820","Birmingham-Hoover, AL","01","Alabama","117","Shelby","33.0928","-86.8072"
"02/13/2023","AQS","011179001","1","1.5","ppb","1","Lhoist, Montevallo Plant","23","96.0000","42401","Sulfur dioxide","100","13820","Birmingham-Hoover, AL","01","Alabama","117","Shelby","33.0928","-86.8072"
"02/14/2023","AQS","011179001","1","1.2","ppb","1","Lhoist, Montevallo Plant","23","96.0000","42401","Sulfur dioxide","100","13820","Birmingham-Hoover, AL","01","Alabama","117","Shelby","33.0928","-86.8072"
"02/15/2023","AQS","011179001","1","0.6","ppb","0","Lhoist, Montevallo Plant","23","96.0000","42401","Sulfur dioxide","100","13820","Birmingham-Hoover, AL","01","Alabama","117","Shelby","33.0928","-86.8072"
"02/16/2023","AQS","011179001","1","0.6","ppb","0","Lhoist, Montevallo Plant","23","96.0000","42401","Sulfur dioxide","100","13820","Birmingham-Hoover, AL","01","Alabama","117","Shelby","33.0928","-86.8072"
"02/17/2023","AQS","011179001","1","0.6","ppb","0","Lhoist, Montevallo Plant","23","96.0000","42401","Sulfur dioxide","100","13820","Birmingham-Hoover, AL","01","Alabama","117","Shelby","33.0928","-86.8072"
"02/18/2023","AQS","011179001","1","17.4","ppb","24","Lhoist, Montevallo Plant","23","96.0000","42401","Sulfur dioxide","100","13820","Birmingham-Hoover, AL","01","Alabama","117","Shelby","33.0928","-86.8072"
"02/19/2023","AQS","011179001","1","1","ppb","1","Lhoist, Montevallo Plant","23","96.0000","42401","Sulfur dioxide","100","13820","Birmingham-Hoover, AL","01","Alabama","117","Shelby","33.0928","-86.8072"
"02/20/2023","AQS","011179001","1","0.7","ppb","0","Lhoist, Montevallo Plant","23","96.0000","42401","Sulfur dioxide","100","13820","Birmingham-Hoover, AL","01","Alabama","117","Shelby","33.0928","-86.8072"
"02/21/2023","AQS","011179001","1","0.6","ppb","0","Lhoist, Montevallo Plant","23","96.0000","42401","Sulfur dioxide","100","13820","Birmingham-Hoover, AL","01","Alabama","117","Shelby","33.0928","-86.8072"
"02/22/2023","AQS","011179001","1","0.7","ppb","0","Lhoist, Montevallo Plant","23","96.0000","42401","Sulfur dioxide","100","13820","Birmingham-Hoover, AL","01","Alabama","117","Shelby","33.0928","-86.8072"
"02/23/2023","AQS","011179001","1","0.7","ppb","0","Lhoist, Montevallo Plant","23","96.0000","42401","Sulfur dioxide","100","13820","Birmingham-Hoover, AL","01","Alabama","117","Shelby","33.0928","-86.8072"
"02/24/2023","AQS","011179001","1","0.6","ppb","0","Lhoist, Montevallo Plant","23","96.0000","42401","Sulfur dioxide","100","13820","Birmingham-Hoover, AL","01","Alabama","117","Shelby","33.0928","-86.8072"
"02/25/2023","AQS","011179001","1","0.6","ppb","0","Lhoist, Montevallo Plant","23","96.0000","42401","Sulfur dioxide","100","13820","Birmingham-Hoover, AL","01","Alabama","117","Shelby","33.0928","-86.8072"
"02/26/2023","AQS","011179001","1","0.8","ppb","0","Lhoist, Montevallo Plant","23","96.0000","42401","Sulfur dioxide","100","13820","Birmingham-Hoover, AL","01","Alabama","117","Shelby","33.0928","-86.8072"
"02/27/2023","AQS","011179001","1","0.8","ppb","0","Lhoist, Montevallo Plant","23","96.0000","42401","Sulfur dioxide","100","13820","Birmingham-Hoover, AL","01","Alabama","117","Shelby","33.0928","-86.8072"
"02/28/2023","AQS","011179001","1","2","ppb","3","Lhoist, Montevallo Plant","22","92.0000","42401","Sulfur dioxide","100","13820","Birmingham-Hoover, AL","01","Alabama","117","Shelby","33.0928","-86.8072"
"03/01/2023","AQS","011179001","1","1","ppb","1","Lhoist, Montevallo Plant","23","96.0000","42401","Sulfur dioxide","100","13820","Birmingham-Hoover, AL","01","Alabama","117","Shelby","33.0928","-86.8072"
"03/02/2023","AQS","011179001","1","15.7","ppb","21","Lhoist, Montevallo Plant","23","96.0000","42401","Sulfur dioxide","100","13820","Birmingham-Hoover, AL","01","Alabama","117","Shelby","33.0928","-86.8072"
"03/03/2023","AQS","011179001","1","1","ppb","1","Lhoist, Montevallo Plant","23","96.0000","42401","Sulfur dioxide","100","13820","Birmingham-Hoover, AL","01","Alabama","117","Shelby","33.0928","-86.8072"
"03/04/2023","AQS","011179001","1","5.5","ppb","7","Lhoist, Montevallo Plant","23","96.0000","42401","Sulfur dioxide","100","13820","Birmingham-Hoover, AL","01","Alabama","117","Shelby","33.0928","-86.8072"
"03/05/2023","AQS","011179001","1","25.9","ppb","36","Lhoist, Montevallo Plant","23","96.0000","42401","Sulfur dioxide","100","13820","Birmingham-Hoover, AL","01","Alabama","117","Shelby","33.0928","-86.8072"
"03/06/2023","AQS","011179001","1","1.4","ppb","1","Lhoist, Montevallo Plant","22","92.0000","42401","Sulfur dioxide","100","13820","Birmingham-Hoover, AL","01","Alabama","117","Shelby","33.0928","-86.8072"
"03/07/2023","AQS","011179001","1","1.6","ppb","1","Lhoist, Montevallo Plant","23","96.0000","42401","Sulfur dioxide","100","13820","Birmingham-Hoover, AL","01","Alabama","117","Shelby","33.0928","-86.8072"
"03/08/2023","AQS","011179001","1","56.9","ppb","76","Lhoist, Montevallo Plant","23","96.0000","42401","Sulfur dioxide","100","13820","Birmingham-Hoover, AL","01","Alabama","117","Shelby","33.0928","-86.8072"
"03/09/2023","AQS","011179001","1","9.9","ppb","13","Lhoist, Montevallo Plant","23","96.0000","42401","Sulfur dioxide","100","13820","Birmingham-Hoover, AL","01","Alabama","117","Shelby","33.0928","-86.8072"
"03/10/2023","AQS","011179001","1","0.9","ppb","0","Lhoist, Montevallo Plant","23","96.0000","42401","Sulfur dioxide","100","13820","Birmingham-Hoover, AL","01","Alabama","117","Shelby","33.0928","-86.8072"
"03/11/2023","AQS","011179001","1","18","ppb","26","Lhoist, Montevallo Plant","23","96.0000","42401","Sulfur dioxide","100","13820","Birmingham-Hoover, AL","01","Alabama","117","Shelby","33.0928","-86.8072"
"03/12/2023","AQS","011179001","1","0.9","ppb","0","Lhoist, Montevallo Plant","23","96.0000","42401","Sulfur dioxide","100","13820","Birmingham-Hoover, AL","01","Alabama","117","Shelby","33.0928","-86.8072"
"03/13/2023","AQS","011179001","1","1.3","ppb","1","Lhoist, Montevallo Plant","23","96.0000","42401","Sulfur dioxide","100","13820","Birmingham-Hoover, AL","01","Alabama","117","Shelby","33.0928","-86.8072"
"03/14/2023","AQS","011179001","1","2.4","ppb","3","Lhoist, Montevallo Plant","22","92.0000","42401","Sulfur dioxide","100","13820","Birmingham-Hoover, AL","01","Alabama","117","Shelby","33.0928","-86.8072"
"03/15/2023","AQS","011179001","1","7.7","ppb","10","Lhoist, Montevallo Plant","23","96.0000","42401","Sulfur dioxide","100","13820","Birmingham-Hoover, AL","01","Alabama","117","Shelby","33.0928","-86.8072"
"03/16/2023","AQS","011179001","1","1.1","ppb","1","Lhoist, Montevallo Plant","23","96.0000","42401","Sulfur dioxide","100","13820","Birmingham-Hoover, AL","01","Alabama","117","Shelby","33.0928","-86.8072"
"03/17/2023","AQS","011179001","1","0.8","ppb","0","Lhoist, Montevallo Plant","23","96.0000","42401","Sulfur dioxide","100","13820","Birmingham-Hoover, AL","01","Alabama","117","Shelby","33.0928","-86.8072"
"03/18/2023","AQS","011179001","1","1","ppb","1","Lhoist, Montevallo Plant","23","96.0000","42401","Sulfur dioxide","100","13820","Birmingham-Hoover, AL","01","Alabama","117","Shelby","33.0928","-86.8072"
"03/19/2023","AQS","011179001","1","1.3","ppb","1","Lhoist, Montevallo Plant","23","96.0000","42401","Sulfur dioxide","100","13820","Birmingham-Hoover, AL","01","Alabama","117","Shelby","33.0928","-86.8072"
"03/20/2023","AQS","011179001","1","2.7","ppb","3","Lhoist, Montevallo Plant","23","96.0000","42401","Sulfur dioxide","100","13820","Birmingham-Hoover, AL","01","Alabama","117","Shelby","33.0928","-86.8072"
"03/21/2023","AQS","011179001","1","18.1","ppb","26","Lhoist, Montevallo Plant","23","96.0000","42401","Sulfur dioxide","100","13820","Birmingham-Hoover, AL","01","Alabama","117","Shelby","33.0928","-86.8072"
"03/22/2023","AQS","011179001","1","1.1","ppb","1","Lhoist, Montevallo Plant","23","96.0000","42401","Sulfur dioxide","100","13820","Birmingham-Hoover, AL","01","Alabama","117","Shelby","33.0928","-86.8072"
"03/23/2023","AQS","011179001","1","1.3","ppb","1","Lhoist, Montevallo Plant","22","92.0000","42401","Sulfur dioxide","100","13820","Birmingham-Hoover, AL","01","Alabama","117","Shelby","33.0928","-86.8072"
"03/24/2023","AQS","011179001","1","1","ppb","1","Lhoist, Montevallo Plant","23","96.0000","42401","Sulfur dioxide","100","13820","Birmingham-Hoover, AL","01","Alabama","117","Shelby","33.0928","-86.8072"
"03/25/2023","AQS","011179001","1","1","ppb","1","Lhoist, Montevallo Plant","23","96.0000","42401","Sulfur dioxide","100","13820","Birmingham-Hoover, AL","01","Alabama","117","Shelby","33.0928","-86.8072"
"03/26/2023","AQS","011179001","1","1.1","ppb","1","Lhoist, Montevallo Plant","23","96.0000","42401","Sulfur dioxide","100","13820","Birmingham-Hoover, AL","01","Alabama","117","Shelby","33.0928","-86.8072"
"03/27/2023","AQS","011179001","1","1.1","ppb","1","Lhoist, Montevallo Plant","23","96.0000","42401","Sulfur dioxide","100","13820","Birmingham-Hoover, AL","01","Alabama","117","Shelby","33.0928","-86.8072"
"03/28/2023","AQS","011179001","1","3.4","ppb","4","Lhoist, Montevallo Plant","23","96.0000","42401","Sulfur dioxide","100","13820","Birmingham-Hoover, AL","01","Alabama","117","Shelby","33.0928","-86.8072"
"03/29/2023","AQS","011179001","1","3.7","ppb","4","Lhoist, Montevallo Plant","22","92.0000","42401","Sulfur dioxide","100","13820","Birmingham-Hoover, AL","01","Alabama","117","Shelby","33.0928","-86.8072"
"03/30/2023","AQS","011179001","1","54.6","ppb","74","Lhoist, Montevallo Plant","23","96.0000","42401","Sulfur dioxide","100","13820","Birmingham-Hoover, AL","01","Alabama","117","Shelby","33.0928","-86.8072"
"03/31/2023","AQS","011179001","1","1","ppb","1","Lhoist, Montevallo Plant","23","96.0000","42401","Sulfur dioxide","100","13820","Birmingham-Hoover, AL","01","Alabama","117","Shelby","33.0928","-86.8072"
"04/01/2023","AQS","011179001","1","1","ppb","1","Lhoist, Montevallo Plant","23","96.0000","42401","Sulfur dioxide","100","13820","Birmingham-Hoover, AL","01","Alabama","117","Shelby","33.0928","-86.8072"
"04/02/2023","AQS","011179001","1","21.6","ppb","30","Lhoist, Montevallo Plant","23","96.0000","42401","Sulfur dioxide","100","13820","Birmingham-Hoover, AL","01","Alabama","117","Shelby","33.0928","-86.8072"
"04/03/2023","AQS","011179001","1","2.1","ppb","3","Lhoist, Montevallo Plant","22","92.0000","42401","Sulfur dioxide","100","13820","Birmingham-Hoover, AL","01","Alabama","117","Shelby","33.0928","-86.8072"
"04/04/2023","AQS","011179001","1","1.1","ppb","1","Lhoist, Montevallo Plant","23","96.0000","42401","Sulfur dioxide","100","13820","Birmingham-Hoover, AL","01","Alabama","117","Shelby","33.0928","-86.8072"
"04/05/2023","AQS","011179001","1","1","ppb","1","Lhoist, Montevallo Plant","23","96.0000","42401","Sulfur dioxide","100","13820","Birmingham-Hoover, AL","01","Alabama","117","Shelby","33.0928","-86.8072"
"04/06/2023","AQS","011179001","1","1.7","ppb","1","Lhoist, Montevallo Plant","23","96.0000","42401","Sulfur dioxide","100","13820","Birmingham-Hoover, AL","01","Alabama","117","Shelby","33.0928","-86.8072"
"04/07/2023","AQS","011179001","1","1","ppb","1","Lhoist, Montevallo Plant","23","96.0000","42401","Sulfur dioxide","100","13820","Birmingham-Hoover, AL","01","Alabama","117","Shelby","33.0928","-86.8072"
"04/08/2023","AQS","011179001","1","1.2","ppb","1","Lhoist, Montevallo Plant","23","96.0000","42401","Sulfur dioxide","100","13820","Birmingham-Hoover, AL","01","Alabama","117","Shelby","33.0928","-86.8072"
"04/09/2023","AQS","011179001","1","7","ppb","10","Lhoist, Montevallo Plant","23","96.0000","42401","Sulfur dioxide","100","13820","Birmingham-Hoover, AL","01","Alabama","117","Shelby","33.0928","-86.8072"
"04/10/2023","AQS","011179001","1","26.4","ppb","37","Lhoist, Montevallo Plant","23","96.0000","42401","Sulfur dioxide","100","13820","Birmingham-Hoover, AL","01","Alabama","117","Shelby","33.0928","-86.8072"
"04/11/2023","AQS","011179001","1","21.9","ppb","30","Lhoist, Montevallo Plant","22","92.0000","42401","Sulfur dioxide","100","13820","Birmingham-Hoover, AL","01","Alabama","117","Shelby","33.0928","-86.8072"
"04/12/2023","AQS","011179001","1","9.8","ppb","13","Lhoist, Montevallo Plant","23","96.0000","42401","Sulfur dioxide","100","13820","Birmingham-Hoover, AL","01","Alabama","117","Shelby","33.0928","-86.8072"
"04/13/2023","AQS","011179001","1","24.1","ppb","34","Lhoist, Montevallo Plant","23","96.0000","42401","Sulfur dioxide","100","13820","Birmingham-Hoover, AL","01","Alabama","117","Shelby","33.0928","-86.8072"
"04/14/2023","AQS","011179001","1","1.2","ppb","1","Lhoist, Montevallo Plant","23","96.0000","42401","Sulfur dioxide","100","13820","Birmingham-Hoover, AL","01","Alabama","117","Shelby","33.0928","-86.8072"
"04/15/2023","AQS","011179001","1","1.5","ppb","1","Lhoist, Montevallo Plant","23","96.0000","42401","Sulfur dioxide","100","13820","Birmingham-Hoover, AL","01","Alabama","117","Shelby","33.0928","-86.8072"
"04/16/2023","AQS","011179001","1","1.1","ppb","1","Lhoist, Montevallo Plant","23","96.0000","42401","Sulfur dioxide","100","13820","Birmingham-Hoover, AL","01","Alabama","117","Shelby","33.0928","-86.8072"
"04/17/2023","AQS","011179001","1","1.2","ppb","1","Lhoist, Montevallo Plant","23","96.0000","42401","Sulfur dioxide","100","13820","Birmingham-Hoover, AL","01","Alabama","117","Shelby","33.0928","-86.8072"
"04/18/2023","AQS","011179001","1","36.9","ppb","51","Lhoist, Montevallo Plant","23","96.0000","42401","Sulfur dioxide","100","13820","Birmingham-Hoover, AL","01","Alabama","117","Shelby","33.0928","-86.8072"
"04/19/2023","AQS","011179001","1","10.9","ppb","14","Lhoist, Montevallo Plant","23","96.0000","42401","Sulfur dioxide","100","13820","Birmingham-Hoover, AL","01","Alabama","117","Shelby","33.0928","-86.8072"
"04/20/2023","AQS","011179001","1","1.5","ppb","1","Lhoist, Montevallo Plant","23","96.0000","42401","Sulfur dioxide","100","13820","Birmingham-Hoover, AL","01","Alabama","117","Shelby","33.0928","-86.8072"
"04/21/2023","AQS","011179001","1","1.4","ppb","1","Lhoist, Montevallo Plant","22","92.0000","42401","Sulfur dioxide","100","13820","Birmingham-Hoover, AL","01","Alabama","117","Shelby","33.0928","-86.8072"
"04/22/2023","AQS","011179001","1","1.8","ppb","1","Lhoist, Montevallo Plant","23","96.0000","42401","Sulfur dioxide","100","13820","Birmingham-Hoover, AL","01","Alabama","117","Shelby","33.0928","-86.8072"
"04/23/2023","AQS","011179001","1","3.3","ppb","4","Lhoist, Montevallo Plant","23","96.0000","42401","Sulfur dioxide","100","13820","Birmingham-Hoover, AL","01","Alabama","117","Shelby","33.0928","-86.8072"
"04/24/2023","AQS","011179001","1","2.2","ppb","3","Lhoist, Montevallo Plant","23","96.0000","42401","Sulfur dioxide","100","13820","Birmingham-Hoover, AL","01","Alabama","117","Shelby","33.0928","-86.8072"
"04/25/2023","AQS","011179001","1","8.5","ppb","11","Lhoist, Montevallo Plant","23","96.0000","42401","Sulfur dioxide","100","13820","Birmingham-Hoover, AL","01","Alabama","117","Shelby","33.0928","-86.8072"
"04/26/2023","AQS","011179001","1","6","ppb","9","Lhoist, Montevallo Plant","23","96.0000","42401","Sulfur dioxide","100","13820","Birmingham-Hoover, AL","01","Alabama","117","Shelby","33.0928","-86.8072"
"04/27/2023","AQS","011179001","1","1.5","ppb","1","Lhoist, Montevallo Plant","22","92.0000","42401","Sulfur dioxide","100","13820","Birmingham-Hoover, AL","01","Alabama","117","Shelby","33.0928","-86.8072"
"04/28/2023","AQS","011179001","1","1.4","ppb","1","Lhoist, Montevallo Plant","23","96.0000","42401","Sulfur dioxide","100","13820","Birmingham-Hoover, AL","01","Alabama","117","Shelby","33.0928","-86.8072"
"04/29/2023","AQS","011179001","1","8.8","ppb","11","Lhoist, Montevallo Plant","23","96.0000","42401","Sulfur dioxide","100","13820","Birmingham-Hoover, AL","01","Alabama","117","Shelby","33.0928","-86.8072"
"04/30/2023","AQS","011179001","1","1.3","ppb","1","Lhoist, Montevallo Plant","23","96.0000","42401","Sulfur dioxide","100","13820","Birmingham-Hoover, AL","01","Alabama","117","Shelby","33.0928","-86.8072"
"05/01/2023","AQS","011179001","1","1.9","ppb","1","Lhoist, Montevallo Plant","23","96.0000","42401","Sulfur dioxide","100","13820","Birmingham-Hoover, AL","01","Alabama","117","Shelby","33.0928","-86.8072"
"05/02/2023","AQS","011179001","1","2","ppb","3","Lhoist, Montevallo Plant","22","92.0000","42401","Sulfur dioxide","100","13820","Birmingham-Hoover, AL","01","Alabama","117","Shelby","33.0928","-86.8072"
"05/03/2023","AQS","011179001","1","1.8","ppb","1","Lhoist, Montevallo Plant","23","96.0000","42401","Sulfur dioxide","100","13820","Birmingham-Hoover, AL","01","Alabama","117","Shelby","33.0928","-86.8072"
"05/04/2023","AQS","011179001","1","22.1","ppb","31","Lhoist, Montevallo Plant","23","96.0000","42401","Sulfur dioxide","100","13820","Birmingham-Hoover, AL","01","Alabama","117","Shelby","33.0928","-86.8072"
"05/05/2023","AQS","011179001","1","4.9","ppb","6","Lhoist, Montevallo Plant","23","96.0000","42401","Sulfur dioxide","100","13820","Birmingham-Hoover, AL","01","Alabama","117","Shelby","33.0928","-86.8072"
"05/06/2023","AQS","011179001","1","15","ppb","21","Lhoist, Montevallo Plant","23","96.0000","42401","Sulfur dioxide","100","13820","Birmingham-Hoover, AL","01","Alabama","117","Shelby","33.0928","-86.8072"
"05/07/2023","AQS","011179001","1","1.4","ppb","1","Lhoist, Montevallo Plant","23","96.0000","42401","Sulfur dioxide","100","13820","Birmingham-Hoover, AL","01","Alabama","117","Shelby","33.0928","-86.8072"
"05/08/2023","AQS","011179001","1","1.3","ppb","1","Lhoist, Montevallo Plant","23","96.0000","42401","Sulfur dioxide","100","13820","Birmingham-Hoover, AL","01","Alabama","117","Shelby","33.0928","-86.8072"
"05/09/2023","AQS","011179001","1","6","ppb","9","Lhoist, Montevallo Plant","23","96.0000","42401","Sulfur dioxide","100","13820","Birmingham-Hoover, AL","01","Alabama","117","Shelby","33.0928","-86.8072"
"05/10/2023","AQS","011179001","1","1.8","ppb","1","Lhoist, Montevallo Plant","23","96.0000","42401","Sulfur dioxide","100","13820","Birmingham-Hoover, AL","01","Alabama","117","Shelby","33.0928","-86.8072"
"05/11/2023","AQS","011179001","1","10.6","ppb","14","Lhoist, Montevallo Plant","23","96.0000","42401","Sulfur dioxide","100","13820","Birmingham-Hoover, AL","01","Alabama","117","Shelby","33.0928","-86.8072"
"05/12/2023","AQS","011179001","1","10.9","ppb","14","Lhoist, Montevallo Plant","21","88.0000","42401","Sulfur dioxide","100","13820","Birmingham-Hoover, AL","01","Alabama","117","Shelby","33.0928","-86.8072"
"05/13/2023","AQS","011179001","1","2.1","ppb","3","Lhoist, Montevallo Plant","23","96.0000","42401","Sulfur dioxide","100","13820","Birmingham-Hoover, AL","01","Alabama","117","Shelby","33.0928","-86.8072"
"05/14/2023","AQS","011179001","1","2.2","ppb","3","Lhoist, Montevallo Plant","23","96.0000","42401","Sulfur dioxide","100","13820","Birmingham-Hoover, AL","01","Alabama","117","Shelby","33.0928","-86.8072"
"05/15/2023","AQS","011179001","1","3.2","ppb","4","Lhoist, Montevallo Plant","23","96.0000","42401","Sulfur dioxide","100","13820","Birmingham-Hoover, AL","01","Alabama","117","Shelby","33.0928","-86.8072"
"05/16/2023","AQS","011179001","1","1.7","ppb","1","Lhoist, Montevallo Plant","23","96.0000","42401","Sulfur dioxide","100","13820","Birmingham-Hoover, AL","01","Alabama","117","Shelby","33.0928","-86.8072"
"05/17/2023","AQS","011179001","1","1.5","ppb","1","Lhoist, Montevallo Plant","23","96.0000","42401","Sulfur dioxide","100","13820","Birmingham-Hoover, AL","01","Alabama","117","Shelby","33.0928","-86.8072"
"05/18/2023","AQS","011179001","1","8.2","ppb","11","Lhoist, Montevallo Plant","23","96.0000","42401","Sulfur dioxide","100","13820","Birmingham-Hoover, AL","01","Alabama","117","Shelby","33.0928","-86.8072"
"05/19/2023","AQS","011179001","1","26","ppb","37","Lhoist, Montevallo Plant","23","96.0000","42401","Sulfur dioxide","100","13820","Birmingham-Hoover, AL","01","Alabama","117","Shelby","33.0928","-86.8072"
"05/20/2023","AQS","011179001","1","1.5","ppb","1","Lhoist, Montevallo Plant","23","96.0000","42401","Sulfur dioxide","100","13820","Birmingham-Hoover, AL","01","Alabama","117","Shelby","33.0928","-86.8072"
"05/21/2023","AQS","011179001","1","1.6","ppb","1","Lhoist, Montevallo Plant","23","96.0000","42401","Sulfur dioxide","100","13820","Birmingham-Hoover, AL","01","Alabama","117","Shelby","33.0928","-86.8072"
"05/22/2023","AQS","011179001","1","2.3","ppb","3","Lhoist, Montevallo Plant","23","96.0000","42401","Sulfur dioxide","100","13820","Birmingham-Hoover, AL","01","Alabama","117","Shelby","33.0928","-86.8072"
"05/23/2023","AQS","011179001","1","1.6","ppb","1","Lhoist, Montevallo Plant","23","96.0000","42401","Sulfur dioxide","100","13820","Birmingham-Hoover, AL","01","Alabama","117","Shelby","33.0928","-86.8072"
"05/24/2023","AQS","011179001","1","11.6","ppb","16","Lhoist, Montevallo Plant","22","92.0000","42401","Sulfur dioxide","100","13820","Birmingham-Hoover, AL","01","Alabama","117","Shelby","33.0928","-86.8072"
"05/25/2023","AQS","011179001","1","45.2","ppb","62","Lhoist, Montevallo Plant","23","96.0000","42401","Sulfur dioxide","100","13820","Birmingham-Hoover, AL","01","Alabama","117","Shelby","33.0928","-86.8072"
"05/26/2023","AQS","011179001","1","7","ppb","10","Lhoist, Montevallo Plant","23","96.0000","42401","Sulfur dioxide","100","13820","Birmingham-Hoover, AL","01","Alabama","117","Shelby","33.0928","-86.8072"
"05/27/2023","AQS","011179001","1","15.3","ppb","21","Lhoist, Montevallo Plant","23","96.0000","42401","Sulfur dioxide","100","13820","Birmingham-Hoover, AL","01","Alabama","117","Shelby","33.0928","-86.8072"
"05/28/2023","AQS","011179001","1","3.3","ppb","4","Lhoist, Montevallo Plant","23","96.0000","42401","Sulfur dioxide","100","13820","Birmingham-Hoover, AL","01","Alabama","117","Shelby","33.0928","-86.8072"
"05/29/2023","AQS","011179001","1","2.3","ppb","3","Lhoist, Montevallo Plant","23","96.0000","42401","Sulfur dioxide","100","13820","Birmingham-Hoover, AL","01","Alabama","117","Shelby","33.0928","-86.8072"
"05/30/2023","AQS","011179001","1","14.9","ppb","20","Lhoist, Montevallo Plant","23","96.0000","42401","Sulfur dioxide","100","13820","Birmingham-Hoover, AL","01","Alabama","117","Shelby","33.0928","-86.8072"
"05/31/2023","AQS","011179001","1","37.5","ppb","52","Lhoist, Montevallo Plant","22","92.0000","42401","Sulfur dioxide","100","13820","Birmingham-Hoover, AL","01","Alabama","117","Shelby","33.0928","-86.8072"
"06/01/2023","AQS","011179001","1","15.8","ppb","21","Lhoist, Montevallo Plant","23","96.0000","42401","Sulfur dioxide","100","13820","Birmingham-Hoover, AL","01","Alabama","117","Shelby","33.0928","-86.8072"
"06/02/2023","AQS","011179001","1","12.5","ppb","17","Lhoist, Montevallo Plant","23","96.0000","42401","Sulfur dioxide","100","13820","Birmingham-Hoover, AL","01","Alabama","117","Shelby","33.0928","-86.8072"
"06/03/2023","AQS","011179001","1","23.3","ppb","33","Lhoist, Montevallo Plant","23","96.0000","42401","Sulfur dioxide","100","13820","Birmingham-Hoover, AL","01","Alabama","117","Shelby","33.0928","-86.8072"
"06/04/2023","AQS","011179001","1","37.5","ppb","52","Lhoist, Montevallo Plant","23","96.0000","42401","Sulfur dioxide","100","13820","Birmingham-Hoover, AL","01","Alabama","117","Shelby","33.0928","-86.8072"
"06/05/2023","AQS","011179001","1","18.4","ppb","26","Lhoist, Montevallo Plant","23","96.0000","42401","Sulfur dioxide","100","13820","Birmingham-Hoover, AL","01","Alabama","117","Shelby","33.0928","-86.8072"
"06/06/2023","AQS","011179001","1","2.4","ppb","3","Lhoist, Montevallo Plant","22","92.0000","42401","Sulfur dioxide","100","13820","Birmingham-Hoover, AL","01","Alabama","117","Shelby","33.0928","-86.8072"
"06/07/2023","AQS","011179001","1","2","ppb","3","Lhoist, Montevallo Plant","23","96.0000","42401","Sulfur dioxide","100","13820","Birmingham-Hoover, AL","01","Alabama","117","Shelby","33.0928","-86.8072"
"06/08/2023","AQS","011179001","1","2.1","ppb","3","Lhoist, Montevallo Plant","23","96.0000","42401","Sulfur dioxide","100","13820","Birmingham-Hoover, AL","01","Alabama","117","Shelby","33.0928","-86.8072"
"06/09/2023","AQS","011179001","1","3.2","ppb","4","Lhoist, Montevallo Plant","23","96.0000","42401","Sulfur dioxide","100","13820","Birmingham-Hoover, AL","01","Alabama","117","Shelby","33.0928","-86.8072"
"06/10/2023","AQS","011179001","1","4.5","ppb","6","Lhoist, Montevallo Plant","23","96.0000","42401","Sulfur dioxide","100","13820","Birmingham-Hoover, AL","01","Alabama","117","Shelby","33.0928","-86.8072"
"06/11/2023","AQS","011179001","1","1.8","ppb","1","Lhoist, Montevallo Plant","23","96.0000","42401","Sulfur dioxide","100","13820","Birmingham-Hoover, AL","01","Alabama","117","Shelby","33.0928","-86.8072"
"06/12/2023","AQS","011179001","1","1.8","ppb","1","Lhoist, Montevallo Plant","22","92.0000","42401","Sulfur dioxide","100","13820","Birmingham-Hoover, AL","01","Alabama","117","Shelby","33.0928","-86.8072"
"06/13/2023","AQS","011179001","1","3","ppb","4","Lhoist, Montevallo Plant","21","88.0000","42401","Sulfur dioxide","100","13820","Birmingham-Hoover, AL","01","Alabama","117","Shelby","33.0928","-86.8072"
"06/14/2023","AQS","011179001","1","0.1","ppb","0","Lhoist, Montevallo Plant","23","96.0000","42401","Sulfur dioxide","100","13820","Birmingham-Hoover, AL","01","Alabama","117","Shelby","33.0928","-86.8072"
"06/15/2023","AQS","011179001","1","0.1","ppb","0","Lhoist, Montevallo Plant","23","96.0000","42401","Sulfur dioxide","100","13820","Birmingham-Hoover, AL","01","Alabama","117","Shelby","33.0928","-86.8072"
"06/16/2023","AQS","011179001","1","0.1","ppb","0","Lhoist, Montevallo Plant","23","96.0000","42401","Sulfur dioxide","100","13820","Birmingham-Hoover, AL","01","Alabama","117","Shelby","33.0928","-86.8072"
"06/17/2023","AQS","011179001","1","0.4","ppb","0","Lhoist, Montevallo Plant","23","96.0000","42401","Sulfur dioxide","100","13820","Birmingham-Hoover, AL","01","Alabama","117","Shelby","33.0928","-86.8072"
"06/18/2023","AQS","011179001","1","0.2","ppb","0","Lhoist, Montevallo Plant","23","96.0000","42401","Sulfur dioxide","100","13820","Birmingham-Hoover, AL","01","Alabama","117","Shelby","33.0928","-86.8072"
"06/19/2023","AQS","011179001","1","0.6","ppb","0","Lhoist, Montevallo Plant","23","96.0000","42401","Sulfur dioxide","100","13820","Birmingham-Hoover, AL","01","Alabama","117","Shelby","33.0928","-86.8072"
"06/20/2023","AQS","011179001","1","0.6","ppb","0","Lhoist, Montevallo Plant","23","96.0000","42401","Sulfur dioxide","100","13820","Birmingham-Hoover, AL","01","Alabama","117","Shelby","33.0928","-86.8072"
"06/21/2023","AQS","011179001","1","0.5","ppb","0","Lhoist, Montevallo Plant","23","96.0000","42401","Sulfur dioxide","100","13820","Birmingham-Hoover, AL","01","Alabama","117","Shelby","33.0928","-86.8072"
"06/22/2023","AQS","011179001","1","0.5","ppb","0","Lhoist, Montevallo Plant","23","96.0000","42401","Sulfur dioxide","100","13820","Birmingham-Hoover, AL","01","Alabama","117","Shelby","33.0928","-86.8072"
"06/23/2023","AQS","011179001","1","0.5","ppb","0","Lhoist, Montevallo Plant","23","96.0000","42401","Sulfur dioxide","100","13820","Birmingham-Hoover, AL","01","Alabama","117","Shelby","33.0928","-86.8072"
"06/24/2023","AQS","011179001","1","0.4","ppb","0","Lhoist, Montevallo Plant","23","96.0000","42401","Sulfur dioxide","100","13820","Birmingham-Hoover, AL","01","Alabama","117","Shelby","33.0928","-86.8072"
"06/25/2023","AQS","011179001","1","0.3","ppb","0","Lhoist, Montevallo Plant","23","96.0000","42401","Sulfur dioxide","100","13820","Birmingham-Hoover, AL","01","Alabama","117","Shelby","33.0928","-86.8072"
"06/26/2023","AQS","011179001","1","0.9","ppb","0","Lhoist, Montevallo Plant","23","96.0000","42401","Sulfur dioxide","100","13820","Birmingham-Hoover, AL","01","Alabama","117","Shelby","33.0928","-86.8072"
"06/27/2023","AQS","011179001","1","0.6","ppb","0","Lhoist, Montevallo Plant","23","96.0000","42401","Sulfur dioxide","100","13820","Birmingham-Hoover, AL","01","Alabama","117","Shelby","33.0928","-86.8072"
"06/28/2023","AQS","011179001","1","37.8","ppb","52","Lhoist, Montevallo Plant","23","96.0000","42401","Sulfur dioxide","100","13820","Birmingham-Hoover, AL","01","Alabama","117","Shelby","33.0928","-86.8072"
"06/29/2023","AQS","011179001","1","5.5","ppb","7","Lhoist, Montevallo Plant","21","88.0000","42401","Sulfur dioxide","100","13820","Birmingham-Hoover, AL","01","Alabama","117","Shelby","33.0928","-86.8072"
"06/30/2023","AQS","011179001","1","1.5","ppb","1","Lhoist, Montevallo Plant","23","96.0000","42401","Sulfur dioxide","100","13820","Birmingham-Hoover, AL","01","Alabama","117","Shelby","33.0928","-86.8072"
"07/01/2023","AQS","011179001","1","0.4","ppb","0","Lhoist, Montevallo Plant","23","96.0000","42401","Sulfur dioxide","100","13820","Birmingham-Hoover, AL","01","Alabama","117","Shelby","33.0928","-86.8072"
"07/02/2023","AQS","011179001","1","0.4","ppb","0","Lhoist, Montevallo Plant","23","96.0000","42401","Sulfur dioxide","100","13820","Birmingham-Hoover, AL","01","Alabama","117","Shelby","33.0928","-86.8072"
"07/03/2023","AQS","011179001","1","0.3","ppb","0","Lhoist, Montevallo Plant","23","96.0000","42401","Sulfur dioxide","100","13820","Birmingham-Hoover, AL","01","Alabama","117","Shelby","33.0928","-86.8072"
"07/04/2023","AQS","011179001","1","1.2","ppb","1","Lhoist, Montevallo Plant","23","96.0000","42401","Sulfur dioxide","100","13820","Birmingham-Hoover, AL","01","Alabama","117","Shelby","33.0928","-86.8072"
"07/05/2023","AQS","011179001","1","1.3","ppb","1","Lhoist, Montevallo Plant","23","96.0000","42401","Sulfur dioxide","100","13820","Birmingham-Hoover, AL","01","Alabama","117","Shelby","33.0928","-86.8072"
"07/06/2023","AQS","011179001","1","0.4","ppb","0","Lhoist, Montevallo Plant","23","96.0000","42401","Sulfur dioxide","100","13820","Birmingham-Hoover, AL","01","Alabama","117","Shelby","33.0928","-86.8072"
"07/07/2023","AQS","011179001","1","0.6","ppb","0","Lhoist, Montevallo Plant","23","96.0000","42401","Sulfur dioxide","100","13820","Birmingham-Hoover, AL","01","Alabama","117","Shelby","33.0928","-86.8072"
"07/08/2023","AQS","011179001","1","1.4","ppb","1","Lhoist, Montevallo Plant","23","96.0000","42401","Sulfur dioxide","100","13820","Birmingham-Hoover, AL","01","Alabama","117","Shelby","33.0928","-86.8072"
"07/09/2023","AQS","011179001","1","0.3","ppb","0","Lhoist, Montevallo Plant","23","96.0000","42401","Sulfur dioxide","100","13820","Birmingham-Hoover, AL","01","Alabama","117","Shelby","33.0928","-86.8072"
"07/10/2023","AQS","011179001","1","0.9","ppb","0","Lhoist, Montevallo Plant","22","92.0000","42401","Sulfur dioxide","100","13820","Birmingham-Hoover, AL","01","Alabama","117","Shelby","33.0928","-86.8072"
"07/11/2023","AQS","011179001","1","0.7","ppb","0","Lhoist, Montevallo Plant","24","100.0000","42401","Sulfur dioxide","100","13820","Birmingham-Hoover, AL","01","Alabama","117","Shelby","33.0928","-86.8072"
"07/12/2023","AQS","011179001","1","4.8","ppb","6","Lhoist, Montevallo Plant","20","83.0000","42401","Sulfur dioxide","100","13820","Birmingham-Hoover, AL","01","Alabama","117","Shelby","33.0928","-86.8072"
"07/15/2023","AQS","011179001","1","0.3","ppb","0","Lhoist, Montevallo Plant","23","96.0000","42401","Sulfur dioxide","100","13820","Birmingham-Hoover, AL","01","Alabama","117","Shelby","33.0928","-86.8072"
"07/16/2023","AQS","011179001","1","0.2","ppb","0","Lhoist, Montevallo Plant","23","96.0000","42401","Sulfur dioxide","100","13820","Birmingham-Hoover, AL","01","Alabama","117","Shelby","33.0928","-86.8072"
"07/20/2023","AQS","011179001","1","0.5","ppb","0","Lhoist, Montevallo Plant","23","96.0000","42401","Sulfur dioxide","100","13820","Birmingham-Hoover, AL","01","Alabama","117","Shelby","33.0928","-86.8072"
"07/21/2023","AQS","011179001","1","1.7","ppb","1","Lhoist, Montevallo Plant","23","96.0000","42401","Sulfur dioxide","100","13820","Birmingham-Hoover, AL","01","Alabama","117","Shelby","33.0928","-86.8072"
"07/22/2023","AQS","011179001","1","0.4","ppb","0","Lhoist, Montevallo Plant","23","96.0000","42401","Sulfur dioxide","100","13820","Birmingham-Hoover, AL","01","Alabama","117","Shelby","33.0928","-86.8072"
"07/23/2023","AQS","011179001","1","1.4","ppb","1","Lhoist, Montevallo Plant","24","100.0000","42401","Sulfur dioxide","100","13820","Birmingham-Hoover, AL","01","Alabama","117","Shelby","33.0928","-86.8072"
"07/24/2023","AQS","011179001","1","1.2","ppb","1","Lhoist, Montevallo Plant","22","92.0000","42401","Sulfur dioxide","100","13820","Birmingham-Hoover, AL","01","Alabama","117","Shelby","33.0928","-86.8072"
"07/25/2023","AQS","011179001","1","19","ppb","27","Lhoist, Montevallo Plant","22","92.0000","42401","Sulfur dioxide","100","13820","Birmingham-Hoover, AL","01","Alabama","117","Shelby","33.0928","-86.8072"
"07/26/2023","AQS","011179001","1","2.2","ppb","3","Lhoist, Montevallo Plant","22","92.0000","42401","Sulfur dioxide","100","13820","Birmingham-Hoover, AL","01","Alabama","117","Shelby","33.0928","-86.8072"
"07/27/2023","AQS","011179001","1","24.4","ppb","34","Lhoist, Montevallo Plant","23","96.0000","42401","Sulfur dioxide","100","13820","Birmingham-Hoover, AL","01","Alabama","117","Shelby","33.0928","-86.8072"
"07/28/2023","AQS","011179001","1","11","ppb","16","Lhoist, Montevallo Plant","23","96.0000","42401","Sulfur dioxide","100","13820","Birmingham-Hoover, AL","01","Alabama","117","Shelby","33.0928","-86.8072"
"07/29/2023","AQS","011179001","1","0.9","ppb","0","Lhoist, Montevallo Plant","23","96.0000","42401","Sulfur dioxide","100","13820","Birmingham-Hoover, AL","01","Alabama","117","Shelby","33.0928","-86.8072"
"07/30/2023","AQS","011179001","1","0.8","ppb","0","Lhoist, Montevallo Plant","23","96.0000","42401","Sulfur dioxide","100","13820","Birmingham-Hoover, AL","01","Alabama","117","Shelby","33.0928","-86.8072"
"07/31/2023","AQS","011179001","1","1.2","ppb","1","Lhoist, Montevallo Plant","23","96.0000","42401","Sulfur dioxide","100","13820","Birmingham-Hoover, AL","01","Alabama","117","Shelby","33.0928","-86.8072"
"08/01/2023","AQS","011179001","1","0.9","ppb","0","Lhoist, Montevallo Plant","23","96.0000","42401","Sulfur dioxide","100","13820","Birmingham-Hoover, AL","01","Alabama","117","Shelby","33.0928","-86.8072"
"08/02/2023","AQS","011179001","1","1.2","ppb","1","Lhoist, Montevallo Plant","23","96.0000","42401","Sulfur dioxide","100","13820","Birmingham-Hoover, AL","01","Alabama","117","Shelby","33.0928","-86.8072"
"08/03/2023","AQS","011179001","1","0.9","ppb","0","Lhoist, Montevallo Plant","23","96.0000","42401","Sulfur dioxide","100","13820","Birmingham-Hoover, AL","01","Alabama","117","Shelby","33.0928","-86.8072"
"08/04/2023","AQS","011179001","1","0.7","ppb","0","Lhoist, Montevallo Plant","23","96.0000","42401","Sulfur dioxide","100","13820","Birmingham-Hoover, AL","01","Alabama","117","Shelby","33.0928","-86.8072"
"08/05/2023","AQS","011179001","1","1.1","ppb","1","Lhoist, Montevallo Plant","23","96.0000","42401","Sulfur dioxide","100","13820","Birmingham-Hoover, AL","01","Alabama","117","Shelby","33.0928","-86.8072"
"08/06/2023","AQS","011179001","1","0.7","ppb","0","Lhoist, Montevallo Plant","23","96.0000","42401","Sulfur dioxide","100","13820","Birmingham-Hoover, AL","01","Alabama","117","Shelby","33.0928","-86.8072"
"08/07/2023","AQS","011179001","1","1.5","ppb","1","Lhoist, Montevallo Plant","22","92.0000","42401","Sulfur dioxide","100","13820","Birmingham-Hoover, AL","01","Alabama","117","Shelby","33.0928","-86.8072"
"08/08/2023","AQS","011179001","1","7.9","ppb","10","Lhoist, Montevallo Plant","23","96.0000","42401","Sulfur dioxide","100","13820","Birmingham-Hoover, AL","01","Alabama","117","Shelby","33.0928","-86.8072"
"08/09/2023","AQS","011179001","1","4.7","ppb","6","Lhoist, Montevallo Plant","23","96.0000","42401","Sulfur dioxide","100","13820","Birmingham-Hoover, AL","01","Alabama","117","Shelby","33.0928","-86.8072"
"08/10/2023","AQS","011179001","1","1.3","ppb","1","Lhoist, Montevallo Plant","23","96.0000","42401","Sulfur dioxide","100","13820","Birmingham-Hoover, AL","01","Alabama","117","Shelby","33.0928","-86.8072"
"08/11/2023","AQS","011179001","1","1.1","ppb","1","Lhoist, Montevallo Plant","23","96.0000","42401","Sulfur dioxide","100","13820","Birmingham-Hoover, AL","01","Alabama","117","Shelby","33.0928","-86.8072"
"08/12/2023","AQS","011179001","1","0.8","ppb","0","Lhoist, Montevallo Plant","23","96.0000","42401","Sulfur dioxide","100","13820","Birmingham-Hoover, AL","01","Alabama","117","Shelby","33.0928","-86.8072"
"08/13/2023","AQS","011179001","1","0.9","ppb","0","Lhoist, Montevallo Plant","23","96.0000","42401","Sulfur dioxide","100","13820","Birmingham-Hoover, AL","01","Alabama","117","Shelby","33.0928","-86.8072"
"08/14/2023","AQS","011179001","1","3.3","ppb","4","Lhoist, Montevallo Plant","22","92.0000","42401","Sulfur dioxide","100","13820","Birmingham-Hoover, AL","01","Alabama","117","Shelby","33.0928","-86.8072"
"08/15/2023","AQS","011179001","1","2","ppb","3","Lhoist, Montevallo Plant","23","96.0000","42401","Sulfur dioxide","100","13820","Birmingham-Hoover, AL","01","Alabama","117","Shelby","33.0928","-86.8072"
"08/16/2023","AQS","011179001","1","1.1","ppb","1","Lhoist, Montevallo Plant","23","96.0000","42401","Sulfur dioxide","100","13820","Birmingham-Hoover, AL","01","Alabama","117","Shelby","33.0928","-86.8072"
"08/17/2023","AQS","011179001","1","1.8","ppb","1","Lhoist, Montevallo Plant","23","96.0000","42401","Sulfur dioxide","100","13820","Birmingham-Hoover, AL","01","Alabama","117","Shelby","33.0928","-86.8072"
"08/18/2023","AQS","011179001","1","1.4","ppb","1","Lhoist, Montevallo Plant","23","96.0000","42401","Sulfur dioxide","100","13820","Birmingham-Hoover, AL","01","Alabama","117","Shelby","33.0928","-86.8072"
"08/19/2023","AQS","011179001","1","18.6","ppb","26","Lhoist, Montevallo Plant","23","96.0000","42401","Sulfur dioxide","100","13820","Birmingham-Hoover, AL","01","Alabama","117","Shelby","33.0928","-86.8072"
"08/20/2023","AQS","011179001","1","24.9","ppb","34","Lhoist, Montevallo Plant","23","96.0000","42401","Sulfur dioxide","100","13820","Birmingham-Hoover, AL","01","Alabama","117","Shelby","33.0928","-86.8072"
"08/21/2023","AQS","011179001","1","19.7","ppb","27","Lhoist, Montevallo Plant","22","92.0000","42401","Sulfur dioxide","100","13820","Birmingham-Hoover, AL","01","Alabama","117","Shelby","33.0928","-86.8072"
"08/22/2023","AQS","011179001","1","2.3","ppb","3","Lhoist, Montevallo Plant","23","96.0000","42401","Sulfur dioxide","100","13820","Birmingham-Hoover, AL","01","Alabama","117","Shelby","33.0928","-86.8072"
"08/23/2023","AQS","011179001","1","31.1","ppb","44","Lhoist, Montevallo Plant","23","96.0000","42401","Sulfur dioxide","100","13820","Birmingham-Hoover, AL","01","Alabama","117","Shelby","33.0928","-86.8072"
"08/24/2023","AQS","011179001","1","47.4","ppb","65","Lhoist, Montevallo Plant","23","96.0000","42401","Sulfur dioxide","100","13820","Birmingham-Hoover, AL","01","Alabama","117","Shelby","33.0928","-86.8072"
"08/25/2023","AQS","011179001","1","2.2","ppb","3","Lhoist, Montevallo Plant","23","96.0000","42401","Sulfur dioxide","100","13820","Birmingham-Hoover, AL","01","Alabama","117","Shelby","33.0928","-86.8072"
"08/26/2023","AQS","011179001","1","1.6","ppb","1","Lhoist, Montevallo Plant","23","96.0000","42401","Sulfur dioxide","100","13820","Birmingham-Hoover, AL","01","Alabama","117","Shelby","33.0928","-86.8072"
"08/27/2023","AQS","011179001","1","3.5","ppb","4","Lhoist, Montevallo Plant","23","96.0000","42401","Sulfur dioxide","100","13820","Birmingham-Hoover, AL","01","Alabama","117","Shelby","33.0928","-86.8072"
"08/28/2023","AQS","011179001","1","3.1","ppb","4","Lhoist, Montevallo Plant","22","92.0000","42401","Sulfur dioxide","100","13820","Birmingham-Hoover, AL","01","Alabama","117","Shelby","33.0928","-86.8072"
"08/29/2023","AQS","011179001","1","19.2","ppb","27","Lhoist, Montevallo Plant","23","96.0000","42401","Sulfur dioxide","100","13820","Birmingham-Hoover, AL","01","Alabama","117","Shelby","33.0928","-86.8072"
"08/30/2023","AQS","011179001","1","1.9","ppb","1","Lhoist, Montevallo Plant","23","96.0000","42401","Sulfur dioxide","100","13820","Birmingham-Hoover, AL","01","Alabama","117","Shelby","33.0928","-86.8072"
"08/31/2023","AQS","011179001","1","1.6","ppb","1","Lhoist, Montevallo Plant","23","96.0000","42401","Sulfur dioxide","100","13820","Birmingham-Hoover, AL","01","Alabama","117","Shelby","33.0928","-86.8072"
"09/01/2023","AQS","011179001","1","22.3","ppb","31","Lhoist, Montevallo Plant","23","96.0000","42401","Sulfur dioxide","100","13820","Birmingham-Hoover, AL","01","Alabama","117","Shelby","33.0928","-86.8072"
"09/02/2023","AQS","011179001","1","15.4","ppb","21","Lhoist, Montevallo Plant","23","96.0000","42401","Sulfur dioxide","100","13820","Birmingham-Hoover, AL","01","Alabama","117","Shelby","33.0928","-86.8072"
"09/03/2023","AQS","011179001","1","11.2","ppb","16","Lhoist, Montevallo Plant","23","96.0000","42401","Sulfur dioxide","100","13820","Birmingham-Hoover, AL","01","Alabama","117","Shelby","33.0928","-86.8072"
"09/04/2023","AQS","011179001","1","18.1","ppb","26","Lhoist, Montevallo Plant","23","96.0000","42401","Sulfur dioxide","100","13820","Birmingham-Hoover, AL","01","Alabama","117","Shelby","33.0928","-86.8072"
"09/05/2023","AQS","011179001","1","32.6","ppb","46","Lhoist, Montevallo Plant","22","92.0000","42401","Sulfur dioxide","100","13820","Birmingham-Hoover, AL","01","Alabama","117","Shelby","33.0928","-86.8072"
"09/06/2023","AQS","011179001","1","1.6","ppb","1","Lhoist, Montevallo Plant","23","96.0000","42401","Sulfur dioxide","100","13820","Birmingham-Hoover, AL","01","Alabama","117","Shelby","33.0928","-86.8072"
"09/07/2023","AQS","011179001","1","1.4","ppb","1","Lhoist, Montevallo Plant","23","96.0000","42401","Sulfur dioxide","100","13820","Birmingham-Hoover, AL","01","Alabama","117","Shelby","33.0928","-86.8072"
"09/08/2023","AQS","011179001","1","1.6","ppb","1","Lhoist, Montevallo Plant","23","96.0000","42401","Sulfur dioxide","100","13820","Birmingham-Hoover, AL","01","Alabama","117","Shelby","33.0928","-86.8072"
"09/09/2023","AQS","011179001","1","2.1","ppb","3","Lhoist, Montevallo Plant","23","96.0000","42401","Sulfur dioxide","100","13820","Birmingham-Hoover, AL","01","Alabama","117","Shelby","33.0928","-86.8072"
"09/10/2023","AQS","011179001","1","3.8","ppb","4","Lhoist, Montevallo Plant","23","96.0000","42401","Sulfur dioxide","100","13820","Birmingham-Hoover, AL","01","Alabama","117","Shelby","33.0928","-86.8072"
"09/11/2023","AQS","011179001","1","13.4","ppb","19","Lhoist, Montevallo Plant","23","96.0000","42401","Sulfur dioxide","100","13820","Birmingham-Hoover, AL","01","Alabama","117","Shelby","33.0928","-86.8072"
"09/12/2023","AQS","011179001","1","2.1","ppb","3","Lhoist, Montevallo Plant","23","96.0000","42401","Sulfur dioxide","100","13820","Birmingham-Hoover, AL","01","Alabama","117","Shelby","33.0928","-86.8072"
"09/13/2023","AQS","011179001","1","1.7","ppb","1","Lhoist, Montevallo Plant","23","96.0000","42401","Sulfur dioxide","100","13820","Birmingham-Hoover, AL","01","Alabama","117","Shelby","33.0928","-86.8072"
"09/15/2023","AQS","011179001","1","7.6","ppb","10","Lhoist, Montevallo Plant","23","96.0000","42401","Sulfur dioxide","100","13820","Birmingham-Hoover, AL","01","Alabama","117","Shelby","33.0928","-86.8072"
"09/16/2023","AQS","011179001","1","7.2","ppb","10","Lhoist, Montevallo Plant","22","92.0000","42401","Sulfur dioxide","100","13820","Birmingham-Hoover, AL","01","Alabama","117","Shelby","33.0928","-86.8072"
"09/17/2023","AQS","011179001","1","1.1","ppb","1","Lhoist, Montevallo Plant","24","100.0000","42401","Sulfur dioxide","100","13820","Birmingham-Hoover, AL","01","Alabama","117","Shelby","33.0928","-86.8072"
"09/18/2023","AQS","011179001","1","1.5","ppb","1","Lhoist, Montevallo Plant","23","96.0000","42401","Sulfur dioxide","100","13820","Birmingham-Hoover, AL","01","Alabama","117","Shelby","33.0928","-86.8072"
"09/19/2023","AQS","011179001","1","33.2","ppb","47","Lhoist, Montevallo Plant","23","96.0000","42401","Sulfur dioxide","100","13820","Birmingham-Hoover, AL","01","Alabama","117","Shelby","33.0928","-86.8072"
"09/20/2023","AQS","011179001","1","69.6","ppb","92","Lhoist, Montevallo Plant","23","96.0000","42401","Sulfur dioxide","100","13820","Birmingham-Hoover, AL","01","Alabama","117","Shelby","33.0928","-86.8072"
"09/21/2023","AQS","011179001","1","36.7","ppb","51","Lhoist, Montevallo Plant","22","92.0000","42401","Sulfur dioxide","100","13820","Birmingham-Hoover, AL","01","Alabama","117","Shelby","33.0928","-86.8072"
"09/22/2023","AQS","011179001","1","40.7","ppb","56","Lhoist, Montevallo Plant","23","96.0000","42401","Sulfur dioxide","100","13820","Birmingham-Hoover, AL","01","Alabama","117","Shelby","33.0928","-86.8072"
"09/23/2023","AQS","011179001","1","2.8","ppb","3","Lhoist, Montevallo Plant","23","96.0000","42401","Sulfur dioxide","100","13820","Birmingham-Hoover, AL","01","Alabama","117","Shelby","33.0928","-86.8072"
"09/24/2023","AQS","011179001","1","2.7","ppb","3","Lhoist, Montevallo Plant","23","96.0000","42401","Sulfur dioxide","100","13820","Birmingham-Hoover, AL","01","Alabama","117","Shelby","33.0928","-86.8072"
"09/25/2023","AQS","011179001","1","12.4","ppb","17","Lhoist, Montevallo Plant","23","96.0000","42401","Sulfur dioxide","100","13820","Birmingham-Hoover, AL","01","Alabama","117","Shelby","33.0928","-86.8072"
"09/26/2023","AQS","011179001","1","18.8","ppb","26","Lhoist, Montevallo Plant","22","92.0000","42401","Sulfur dioxide","100","13820","Birmingham-Hoover, AL","01","Alabama","117","Shelby","33.0928","-86.8072"
"09/27/2023","AQS","011179001","1","37.6","ppb","52","Lhoist, Montevallo Plant","23","96.0000","42401","Sulfur dioxide","100","13820","Birmingham-Hoover, AL","01","Alabama","117","Shelby","33.0928","-86.8072"
"09/28/2023","AQS","011179001","1","25.2","ppb","36","Lhoist, Montevallo Plant","23","96.0000","42401","Sulfur dioxide","100","13820","Birmingham-Hoover, AL","01","Alabama","117","Shelby","33.0928","-86.8072"
"09/29/2023","AQS","011179001","1","28","ppb","40","Lhoist, Montevallo Plant","23","96.0000","42401","Sulfur dioxide","100","13820","Birmingham-Hoover, AL","01","Alabama","117","Shelby","33.0928","-86.8072"
"09/30/2023","AQS","011179001","1","14","ppb","20","Lhoist, Montevallo Plant","23","96.0000","42401","Sulfur dioxide","100","13820","Birmingham-Hoover, AL","01","Alabama","117","Shelby","33.0928","-86.8072"
"10/01/2023","AQS","011179001","1","39.5","ppb","55","Lhoist, Montevallo Plant","23","96.0000","42401","Sulfur dioxide","100","13820","Birmingham-Hoover, AL","01","Alabama","117","Shelby","33.0928","-86.8072"
"10/02/2023","AQS","011179001","1","26.1","ppb","37","Lhoist, Montevallo Plant","22","92.0000","42401","Sulfur dioxide","100","13820","Birmingham-Hoover, AL","01","Alabama","117","Shelby","33.0928","-86.8072"
"10/03/2023","AQS","011179001","1","38.9","ppb","54","Lhoist, Montevallo Plant","23","96.0000","42401","Sulfur dioxide","100","13820","Birmingham-Hoover, AL","01","Alabama","117","Shelby","33.0928","-86.8072"
"10/04/2023","AQS","011179001","1","37.3","ppb","52","Lhoist, Montevallo Plant","23","96.0000","42401","Sulfur dioxide","100","13820","Birmingham-Hoover, AL","01","Alabama","117","Shelby","33.0928","-86.8072"
"10/05/2023","AQS","011179001","1","4.5","ppb","6","Lhoist, Montevallo Plant","23","96.0000","42401","Sulfur dioxide","100","13820","Birmingham-Hoover, AL","01","Alabama","117","Shelby","33.0928","-86.8072"
"10/06/2023","AQS","011179001","1","1.5","ppb","1","Lhoist, Montevallo Plant","23","96.0000","42401","Sulfur dioxide","100","13820","Birmingham-Hoover, AL","01","Alabama","117","Shelby","33.0928","-86.8072"
"10/07/2023","AQS","011179001","1","3.4","ppb","4","Lhoist, Montevallo Plant","23","96.0000","42401","Sulfur dioxide","100","13820","Birmingham-Hoover, AL","01","Alabama","117","Shelby","33.0928","-86.8072"
"10/08/2023","AQS","011179001","1","5.3","ppb","7","Lhoist, Montevallo Plant","23","96.0000","42401","Sulfur dioxide","100","13820","Birmingham-Hoover, AL","01","Alabama","117","Shelby","33.0928","-86.8072"
"10/09/2023","AQS","011179001","1","2","ppb","3","Lhoist, Montevallo Plant","22","92.0000","42401","Sulfur dioxide","100","13820","Birmingham-Hoover, AL","01","Alabama","117","Shelby","33.0928","-86.8072"
"10/10/2023","AQS","011179001","1","1.8","ppb","1","Lhoist, Montevallo Plant","23","96.0000","42401","Sulfur dioxide","100","13820","Birmingham-Hoover, AL","01","Alabama","117","Shelby","33.0928","-86.8072"
"10/11/2023","AQS","011179001","1","3.5","ppb","4","Lhoist, Montevallo Plant","23","96.0000","42401","Sulfur dioxide","100","13820","Birmingham-Hoover, AL","01","Alabama","117","Shelby","33.0928","-86.8072"
"10/12/2023","AQS","011179001","1","1.5","ppb","1","Lhoist, Montevallo Plant","23","96.0000","42401","Sulfur dioxide","100","13820","Birmingham-Hoover, AL","01","Alabama","117","Shelby","33.0928","-86.8072"
"10/13/2023","AQS","011179001","1","2.6","ppb","3","Lhoist, Montevallo Plant","23","96.0000","42401","Sulfur dioxide","100","13820","Birmingham-Hoover, AL","01","Alabama","117","Shelby","33.0928","-86.8072"
"10/14/2023","AQS","011179001","1","1.5","ppb","1","Lhoist, Montevallo Plant","23","96.0000","42401","Sulfur dioxide","100","13820","Birmingham-Hoover, AL","01","Alabama","117","Shelby","33.0928","-86.8072"
"10/15/2023","AQS","011179001","1","1.3","ppb","1","Lhoist, Montevallo Plant","23","96.0000","42401","Sulfur dioxide","100","13820","Birmingham-Hoover, AL","01","Alabama","117","Shelby","33.0928","-86.8072"
"10/16/2023","AQS","011179001","1","1.4","ppb","1","Lhoist, Montevallo Plant","22","92.0000","42401","Sulfur dioxide","100","13820","Birmingham-Hoover, AL","01","Alabama","117","Shelby","33.0928","-86.8072"
"10/17/2023","AQS","011179001","1","1.6","ppb","1","Lhoist, Montevallo Plant","23","96.0000","42401","Sulfur dioxide","100","13820","Birmingham-Hoover, AL","01","Alabama","117","Shelby","33.0928","-86.8072"
"10/18/2023","AQS","011179001","1","25.7","ppb","36","Lhoist, Montevallo Plant","23","96.0000","42401","Sulfur dioxide","100","13820","Birmingham-Hoover, AL","01","Alabama","117","Shelby","33.0928","-86.8072"
"10/19/2023","AQS","011179001","1","2.2","ppb","3","Lhoist, Montevallo Plant","23","96.0000","42401","Sulfur dioxide","100","13820","Birmingham-Hoover, AL","01","Alabama","117","Shelby","33.0928","-86.8072"
"10/20/2023","AQS","011179001","1","1.6","ppb","1","Lhoist, Montevallo Plant","23","96.0000","42401","Sulfur dioxide","100","13820","Birmingham-Hoover, AL","01","Alabama","117","Shelby","33.0928","-86.8072"
"10/21/2023","AQS","011179001","1","2.8","ppb","3","Lhoist, Montevallo Plant","23","96.0000","42401","Sulfur dioxide","100","13820","Birmingham-Hoover, AL","01","Alabama","117","Shelby","33.0928","-86.8072"
"10/22/2023","AQS","011179001","1","3.1","ppb","4","Lhoist, Montevallo Plant","23","96.0000","42401","Sulfur dioxide","100","13820","Birmingham-Hoover, AL","01","Alabama","117","Shelby","33.0928","-86.8072"
"10/23/2023","AQS","011179001","1","28.6","ppb","40","Lhoist, Montevallo Plant","23","96.0000","42401","Sulfur dioxide","100","13820","Birmingham-Hoover, AL","01","Alabama","117","Shelby","33.0928","-86.8072"
"10/24/2023","AQS","011179001","1","33.5","ppb","47","Lhoist, Montevallo Plant","23","96.0000","42401","Sulfur dioxide","100","13820","Birmingham-Hoover, AL","01","Alabama","117","Shelby","33.0928","-86.8072"
"10/25/2023","AQS","011179001","1","38.7","ppb","54","Lhoist, Montevallo Plant","23","96.0000","42401","Sulfur dioxide","100","13820","Birmingham-Hoover, AL","01","Alabama","117","Shelby","33.0928","-86.8072"
"10/26/2023","AQS","011179001","1","6","ppb","9","Lhoist, Montevallo Plant","23","96.0000","42401","Sulfur dioxide","100","13820","Birmingham-Hoover, AL","01","Alabama","117","Shelby","33.0928","-86.8072"
"10/27/2023","AQS","011179001","1","7.3","ppb","10","Lhoist, Montevallo Plant","23","96.0000","42401","Sulfur dioxide","100","13820","Birmingham-Hoover, AL","01","Alabama","117","Shelby","33.0928","-86.8072"
"10/28/2023","AQS","011179001","1","13.6","ppb","19","Lhoist, Montevallo Plant","23","96.0000","42401","Sulfur dioxide","100","13820","Birmingham-Hoover, AL","01","Alabama","117","Shelby","33.0928","-86.8072"
"10/29/2023","AQS","011179001","1","1.8","ppb","1","Lhoist, Montevallo Plant","23","96.0000","42401","Sulfur dioxide","100","13820","Birmingham-Hoover, AL","01","Alabama","117","Shelby","33.0928","-86.8072"
"10/30/2023","AQS","011179001","1","1.9","ppb","1","Lhoist, Montevallo Plant","22","92.0000","42401","Sulfur dioxide","100","13820","Birmingham-Hoover, AL","01","Alabama","117","Shelby","33.0928","-86.8072"
"10/31/2023","AQS","011179001","1","1.9","ppb","1","Lhoist, Montevallo Plant","23","96.0000","42401","Sulfur dioxide","100","13820","Birmingham-Hoover, AL","01","Alabama","117","Shelby","33.0928","-86.8072"
"11/01/2023","AQS","011179001","1","3.3","ppb","4","Lhoist, Montevallo Plant","23","96.0000","42401","Sulfur dioxide","100","13820","Birmingham-Hoover, AL","01","Alabama","117","Shelby","33.0928","-86.8072"
"11/02/2023","AQS","011179001","1","20.3","ppb","29","Lhoist, Montevallo Plant","23","96.0000","42401","Sulfur dioxide","100","13820","Birmingham-Hoover, AL","01","Alabama","117","Shelby","33.0928","-86.8072"
"11/03/2023","AQS","011179001","1","22.5","ppb","31","Lhoist, Montevallo Plant","23","96.0000","42401","Sulfur dioxide","100","13820","Birmingham-Hoover, AL","01","Alabama","117","Shelby","33.0928","-86.8072"
"11/04/2023","AQS","011179001","1","24.3","ppb","34","Lhoist, Montevallo Plant","23","96.0000","42401","Sulfur dioxide","100","13820","Birmingham-Hoover, AL","01","Alabama","117","Shelby","33.0928","-86.8072"
"11/05/2023","AQS","011179001","1","2.7","ppb","3","Lhoist, Montevallo Plant","23","96.0000","42401","Sulfur dioxide","100","13820","Birmingham-Hoover, AL","01","Alabama","117","Shelby","33.0928","-86.8072"
"11/06/2023","AQS","011179001","1","2.9","ppb","3","Lhoist, Montevallo Plant","22","92.0000","42401","Sulfur dioxide","100","13820","Birmingham-Hoover, AL","01","Alabama","117","Shelby","33.0928","-86.8072"
"11/07/2023","AQS","011179001","1","2.5","ppb","3","Lhoist, Montevallo Plant","23","96.0000","42401","Sulfur dioxide","100","13820","Birmingham-Hoover, AL","01","Alabama","117","Shelby","33.0928","-86.8072"
"11/08/2023","AQS","011179001","1","2.7","ppb","3","Lhoist, Montevallo Plant","23","96.0000","42401","Sulfur dioxide","100","13820","Birmingham-Hoover, AL","01","Alabama","117","Shelby","33.0928","-86.8072"
"11/09/2023","AQS","011179001","1","1.9","ppb","1","Lhoist, Montevallo Plant","23","96.0000","42401","Sulfur dioxide","100","13820","Birmingham-Hoover, AL","01","Alabama","117","Shelby","33.0928","-86.8072"
"11/10/2023","AQS","011179001","1","1.9","ppb","1","Lhoist, Montevallo Plant","23","96.0000","42401","Sulfur dioxide","100","13820","Birmingham-Hoover, AL","01","Alabama","117","Shelby","33.0928","-86.8072"
"11/11/2023","AQS","011179001","1","1.7","ppb","1","Lhoist, Montevallo Plant","23","96.0000","42401","Sulfur dioxide","100","13820","Birmingham-Hoover, AL","01","Alabama","117","Shelby","33.0928","-86.8072"
"11/12/2023","AQS","011179001","1","1.6","ppb","1","Lhoist, Montevallo Plant","23","96.0000","42401","Sulfur dioxide","100","13820","Birmingham-Hoover, AL","01","Alabama","117","Shelby","33.0928","-86.8072"
"11/13/2023","AQS","011179001","1","1.9","ppb","1","Lhoist, Montevallo Plant","22","92.0000","42401","Sulfur dioxide","100","13820","Birmingham-Hoover, AL","01","Alabama","117","Shelby","33.0928","-86.8072"
"11/14/2023","AQS","011179001","1","72.7","ppb","96","Lhoist, Montevallo Plant","23","96.0000","42401","Sulfur dioxide","100","13820","Birmingham-Hoover, AL","01","Alabama","117","Shelby","33.0928","-86.8072"
"11/15/2023","AQS","011179001","1","3.3","ppb","4","Lhoist, Montevallo Plant","23","96.0000","42401","Sulfur dioxide","100","13820","Birmingham-Hoover, AL","01","Alabama","117","Shelby","33.0928","-86.8072"
"11/16/2023","AQS","011179001","1","35","ppb","50","Lhoist, Montevallo Plant","23","96.0000","42401","Sulfur dioxide","100","13820","Birmingham-Hoover, AL","01","Alabama","117","Shelby","33.0928","-86.8072"
"11/17/2023","AQS","011179001","1","3.4","ppb","4","Lhoist, Montevallo Plant","23","96.0000","42401","Sulfur dioxide","100","13820","Birmingham-Hoover, AL","01","Alabama","117","Shelby","33.0928","-86.8072"
"11/18/2023","AQS","011179001","1","1.8","ppb","1","Lhoist, Montevallo Plant","23","96.0000","42401","Sulfur dioxide","100","13820","Birmingham-Hoover, AL","01","Alabama","117","Shelby","33.0928","-86.8072"
"11/19/2023","AQS","011179001","1","53.3","ppb","72","Lhoist, Montevallo Plant","23","96.0000","42401","Sulfur dioxide","100","13820","Birmingham-Hoover, AL","01","Alabama","117","Shelby","33.0928","-86.8072"
"11/20/2023","AQS","011179001","1","5.6","ppb","7","Lhoist, Montevallo Plant","22","92.0000","42401","Sulfur dioxide","100","13820","Birmingham-Hoover, AL","01","Alabama","117","Shelby","33.0928","-86.8072"
"11/21/2023","AQS","011179001","1","1.6","ppb","1","Lhoist, Montevallo Plant","23","96.0000","42401","Sulfur dioxide","100","13820","Birmingham-Hoover, AL","01","Alabama","117","Shelby","33.0928","-86.8072"
"11/22/2023","AQS","011179001","1","1.7","ppb","1","Lhoist, Montevallo Plant","23","96.0000","42401","Sulfur dioxide","100","13820","Birmingham-Hoover, AL","01","Alabama","117","Shelby","33.0928","-86.8072"
"11/23/2023","AQS","011179001","1","2.5","ppb","3","Lhoist, Montevallo Plant","23","96.0000","42401","Sulfur dioxide","100","13820","Birmingham-Hoover, AL","01","Alabama","117","Shelby","33.0928","-86.8072"
"11/24/2023","AQS","011179001","1","1.9","ppb","1","Lhoist, Montevallo Plant","23","96.0000","42401","Sulfur dioxide","100","13820","Birmingham-Hoover, AL","01","Alabama","117","Shelby","33.0928","-86.8072"
"11/25/2023","AQS","011179001","1","18.7","ppb","26","Lhoist, Montevallo Plant","23","96.0000","42401","Sulfur dioxide","100","13820","Birmingham-Hoover, AL","01","Alabama","117","Shelby","33.0928","-86.8072"
"11/26/2023","AQS","011179001","1","1.9","ppb","1","Lhoist, Montevallo Plant","23","96.0000","42401","Sulfur dioxide","100","13820","Birmingham-Hoover, AL","01","Alabama","117","Shelby","33.0928","-86.8072"
"11/27/2023","AQS","011179001","1","1.9","ppb","1","Lhoist, Montevallo Plant","23","96.0000","42401","Sulfur dioxide","100","13820","Birmingham-Hoover, AL","01","Alabama","117","Shelby","33.0928","-86.8072"
"11/28/2023","AQS","011179001","1","2.1","ppb","3","Lhoist, Montevallo Plant","23","96.0000","42401","Sulfur dioxide","100","13820","Birmingham-Hoover, AL","01","Alabama","117","Shelby","33.0928","-86.8072"
"11/29/2023","AQS","011179001","1","6.8","ppb","9","Lhoist, Montevallo Plant","23","96.0000","42401","Sulfur dioxide","100","13820","Birmingham-Hoover, AL","01","Alabama","117","Shelby","33.0928","-86.8072"
"11/30/2023","AQS","011179001","1","3.5","ppb","4","Lhoist, Montevallo Plant","23","96.0000","42401","Sulfur dioxide","100","13820","Birmingham-Hoover, AL","01","Alabama","117","Shelby","33.0928","-86.8072"
"12/01/2023","AQS","011179001","1","14.9","ppb","20","Lhoist, Montevallo Plant","23","96.0000","42401","Sulfur dioxide","100","13820","Birmingham-Hoover, AL","01","Alabama","117","Shelby","33.0928","-86.8072"
"12/02/2023","AQS","011179001","1","1.6","ppb","1","Lhoist, Montevallo Plant","23","96.0000","42401","Sulfur dioxide","100","13820","Birmingham-Hoover, AL","01","Alabama","117","Shelby","33.0928","-86.8072"
"12/03/2023","AQS","011179001","1","1.9","ppb","1","Lhoist, Montevallo Plant","23","96.0000","42401","Sulfur dioxide","100","13820","Birmingham-Hoover, AL","01","Alabama","117","Shelby","33.0928","-86.8072"
"12/04/2023","AQS","011179001","1","2.5","ppb","3","Lhoist, Montevallo Plant","22","92.0000","42401","Sulfur dioxide","100","13820","Birmingham-Hoover, AL","01","Alabama","117","Shelby","33.0928","-86.8072"
"12/05/2023","AQS","011179001","1","2.3","ppb","3","Lhoist, Montevallo Plant","23","96.0000","42401","Sulfur dioxide","100","13820","Birmingham-Hoover, AL","01","Alabama","117","Shelby","33.0928","-86.8072"
"12/06/2023","AQS","011179001","1","2","ppb","3","Lhoist, Montevallo Plant","23","96.0000","42401","Sulfur dioxide","100","13820","Birmingham-Hoover, AL","01","Alabama","117","Shelby","33.0928","-86.8072"
"12/07/2023","AQS","011179001","1","3","ppb","4","Lhoist, Montevallo Plant","18","75.0000","42401","Sulfur dioxide","100","13820","Birmingham-Hoover, AL","01","Alabama","117","Shelby","33.0928","-86.8072"
"12/08/2023","AQS","011179001","1","0.9","ppb","0","Lhoist, Montevallo Plant","23","96.0000","42401","Sulfur dioxide","100","13820","Birmingham-Hoover, AL","01","Alabama","117","Shelby","33.0928","-86.8072"
"12/09/2023","AQS","011179001","1","0.3","ppb","0","Lhoist, Montevallo Plant","23","96.0000","42401","Sulfur dioxide","100","13820","Birmingham-Hoover, AL","01","Alabama","117","Shelby","33.0928","-86.8072"
"12/10/2023","AQS","011179001","1","0.3","ppb","0","Lhoist, Montevallo Plant","23","96.0000","42401","Sulfur dioxide","100","13820","Birmingham-Hoover, AL","01","Alabama","117","Shelby","33.0928","-86.8072"
"12/11/2023","AQS","011179001","1","2.1","ppb","3","Lhoist, Montevallo Plant","23","96.0000","42401","Sulfur dioxide","100","13820","Birmingham-Hoover, AL","01","Alabama","117","Shelby","33.0928","-86.8072"
"12/12/2023","AQS","011179001","1","1.7","ppb","1","Lhoist, Montevallo Plant","23","96.0000","42401","Sulfur dioxide","100","13820","Birmingham-Hoover, AL","01","Alabama","117","Shelby","33.0928","-86.8072"
"12/13/2023","AQS","011179001","1","1.3","ppb","1","Lhoist, Montevallo Plant","22","92.0000","42401","Sulfur dioxide","100","13820","Birmingham-Hoover, AL","01","Alabama","117","Shelby","33.0928","-86.8072"
"12/14/2023","AQS","011179001","1","20.2","ppb","29","Lhoist, Montevallo Plant","23","96.0000","42401","Sulfur dioxide","100","13820","Birmingham-Hoover, AL","01","Alabama","117","Shelby","33.0928","-86.8072"
"12/15/2023","AQS","011179001","1","46.4","ppb","64","Lhoist, Montevallo Plant","23","96.0000","42401","Sulfur dioxide","100","13820","Birmingham-Hoover, AL","01","Alabama","117","Shelby","33.0928","-86.8072"
"12/16/2023","AQS","011179001","1","53.7","ppb","72","Lhoist, Montevallo Plant","24","100.0000","42401","Sulfur dioxide","100","13820","Birmingham-Hoover, AL","01","Alabama","117","Shelby","33.0928","-86.8072"
"12/17/2023","AQS","011179001","1","0.4","ppb","0","Lhoist, Montevallo Plant","24","100.0000","42401","Sulfur dioxide","100","13820","Birmingham-Hoover, AL","01","Alabama","117","Shelby","33.0928","-86.8072"
"12/18/2023","AQS","011179001","1","0.8","ppb","0","Lhoist, Montevallo Plant","23","96.0000","42401","Sulfur dioxide","100","13820","Birmingham-Hoover, AL","01","Alabama","117","Shelby","33.0928","-86.8072"
"12/19/2023","AQS","011179001","1","4.6","ppb","6","Lhoist, Montevallo Plant","22","92.0000","42401","Sulfur dioxide","100","13820","Birmingham-Hoover, AL","01","Alabama","117","Shelby","33.0928","-86.8072"
"12/20/2023","AQS","011179001","1","11.3","ppb","16","Lhoist, Montevallo Plant","23","96.0000","42401","Sulfur dioxide","100","13820","Birmingham-Hoover, AL","01","Alabama","117","Shelby","33.0928","-86.8072"
"12/21/2023","AQS","011179001","1","6.9","ppb","9","Lhoist, Montevallo Plant","22","92.0000","42401","Sulfur dioxide","100","13820","Birmingham-Hoover, AL","01","Alabama","117","Shelby","33.0928","-86.8072"
"12/22/2023","AQS","011179001","1","2.5","ppb","3","Lhoist, Montevallo Plant","23","96.0000","42401","Sulfur dioxide","100","13820","Birmingham-Hoover, AL","01","Alabama","117","Shelby","33.0928","-86.8072"
"12/23/2023","AQS","011179001","1","3","ppb","4","Lhoist, Montevallo Plant","24","100.0000","42401","Sulfur dioxide","100","13820","Birmingham-Hoover, AL","01","Alabama","117","Shelby","33.0928","-86.8072"
"12/24/2023","AQS","011179001","1","12","ppb","17","Lhoist, Montevallo Plant","24","100.0000","42401","Sulfur dioxide","100","13820","Birmingham-Hoover, AL","01","Alabama","117","Shelby","33.0928","-86.8072"
"12/25/2023","AQS","011179001","1","0.6","ppb","0","Lhoist, Montevallo Plant","23","96.0000","42401","Sulfur dioxide","100","13820","Birmingham-Hoover, AL","01","Alabama","117","Shelby","33.0928","-86.8072"
"12/26/2023","AQS","011179001","1","0.9","ppb","0","Lhoist, Montevallo Plant","24","100.0000","42401","Sulfur dioxide","100","13820","Birmingham-Hoover, AL","01","Alabama","117","Shelby","33.0928","-86.8072"
"12/27/2023","AQS","011179001","1","1.1","ppb","1","Lhoist, Montevallo Plant","22","92.0000","42401","Sulfur dioxide","100","13820","Birmingham-Hoover, AL","01","Alabama","117","Shelby","33.0928","-86.8072"
"12/28/2023","AQS","011179001","1","0.9","ppb","0","Lhoist, Montevallo Plant","23","96.0000","42401","Sulfur dioxide","100","13820","Birmingham-Hoover, AL","01","Alabama","117","Shelby","33.0928","-86.8072"
"12/29/2023","AQS","011179001","1","0.4","ppb","0","Lhoist, Montevallo Plant","23","96.0000","42401","Sulfur dioxide","100","13820","Birmingham-Hoover, AL","01","Alabama","117","Shelby","33.0928","-86.8072"
"12/30/2023","AQS","011179001","1","0.7","ppb","0","Lhoist, Montevallo Plant","23","96.0000","42401","Sulfur dioxide","100","13820","Birmingham-Hoover, AL","01","Alabama","117","Shelby","33.0928","-86.8072"
"12/31/2023","AQS","011179001","1","0.9","ppb","0","Lhoist, Montevallo Plant","24","100.0000","42401","Sulfur dioxide","100","13820","Birmingham-Hoover, AL","01","Alabama","117","Shelby","33.0928","-86.8072"
