"Date","Source","Site ID","POC","Daily Max 1-hour NO2 Concentration","Units","Daily AQI Value","Local Site Name","Daily Obs Count","Percent Complete","AQS Parameter Code","AQS Parameter Description","Method Code","CBSA Code","CBSA Name","State FIPS Code","State","County FIPS Code","County","Site Latitude","Site Longitude"
"01/01/2023","AQS","010730023","1","16.5","ppb","15","North Birmingham","24","100.0000","42602","Nitrogen dioxide (NO2)","200","13820","Birmingham-Hoover, AL","01","Alabama","073","Jefferson","33.5530560008695","-86.815"
"01/02/2023","AQS","010730023","1","9.6","ppb","8","North Birmingham","24","100.0000","42602","Nitrogen dioxide (NO2)","200","13820","Birmingham-Hoover, AL","01","Alabama","073","Jefferson","33.5530560008695","-86.815"
"01/03/2023","AQS","010730023","1","9.9","ppb","8","North Birmingham","24","100.0000","42602","Nitrogen dioxide (NO2)","200","13820","Birmingham-Hoover, AL","01","Alabama","073","Jefferson","33.5530560008695","-86.815"
"01/04/2023","AQS","010730023","1","29.6","ppb","27","North Birmingham","24","100.0000","42602","Nitrogen dioxide (NO2)","200","13820","Birmingham-Hoover, AL","01","Alabama","073","Jefferson","33.5530560008695","-86.815"
"01/06/2023","AQS","010730023","1","31.8","ppb","29","North Birmingham","21","88.0000","42602","Nitrogen dioxide (NO2)","200","13820","Birmingham-Hoover, AL","01","Alabama","073","Jefferson","33.5530560008695","-86.815"
"01/07/2023","AQS","010730023","1","21.4","ppb","20","North Birmingham","24","100.0000","42602","Nitrogen dioxide (NO2)","200","13820","Birmingham-Hoover, AL","01","Alabama","073","Jefferson","33.5530560008695","-86.815"
"01/08/2023","AQS","010730023","1","8.4","ppb","8","North Birmingham","24","100.0000","42602","Nitrogen dioxide (NO2)","200","13820","Birmingham-Hoover, AL","01","Alabama","073","Jefferson","33.5530560008695","-86.815"
"01/09/2023","AQS","010730023","1","30.2","ppb","28","North Birmingham","24","100.0000","42602","Nitrogen dioxide (NO2)","200","13820","Birmingham-Hoover, AL","01","Alabama","073","Jefferson","33.5530560008695","-86.815"
"01/10/2023","AQS","010730023","1","29.2","ppb","27","North Birmingham","24","100.0000","42602","Nitrogen dioxide (NO2)","200","13820","Birmingham-Hoover, AL","01","Alabama","073","Jefferson","33.5530560008695","-86.815"
"01/11/2023","AQS","010730023","1","18.7","ppb","17","North Birmingham","22","92.0000","42602","Nitrogen dioxide (NO2)","200","13820","Birmingham-Hoover, AL","01","Alabama","073","Jefferson","33.5530560008695","-86.815"
"01/12/2023","AQS","010730023","1","11.6","ppb","10","North Birmingham","24","100.0000","42602","Nitrogen dioxide (NO2)","200","13820","Birmingham-Hoover, AL","01","Alabama","073","Jefferson","33.5530560008695","-86.815"
"01/14/2023","AQS","010730023","1","25.6","ppb","24","North Birmingham","24","100.0000","42602","Nitrogen dioxide (NO2)","200","13820","Birmingham-Hoover, AL","01","Alabama","073","Jefferson","33.5530560008695","-86.815"
"01/15/2023","AQS","010730023","1","31.8","ppb","29","North Birmingham","24","100.0000","42602","Nitrogen dioxide (NO2)","200","13820","Birmingham-Hoover, AL","01","Alabama","073","Jefferson","33.5530560008695","-86.815"
"01/16/2023","AQS","010730023","1","27.6","ppb","25","North Birmingham","24","100.0000","42602","Nitrogen dioxide (NO2)","200","13820","Birmingham-Hoover, AL","01","Alabama","073","Jefferson","33.5530560008695","-86.815"
"01/17/2023","AQS","010730023","1","24.6","ppb","23","North Birmingham","24","100.0000","42602","Nitrogen dioxide (NO2)","200","13820","Birmingham-Hoover, AL","01","Alabama","073","Jefferson","33.5530560008695","-86.815"
"01/18/2023","AQS","010730023","1","16.7","ppb","15","North Birmingham","24","100.0000","42602","Nitrogen dioxide (NO2)","200","13820","Birmingham-Hoover, AL","01","Alabama","073","Jefferson","33.5530560008695","-86.815"
"01/19/2023","AQS","010730023","1","24.3","ppb","23","North Birmingham","21","88.0000","42602","Nitrogen dioxide (NO2)","200","13820","Birmingham-Hoover, AL","01","Alabama","073","Jefferson","33.5530560008695","-86.815"
"01/20/2023","AQS","010730023","1","16.8","ppb","15","North Birmingham","21","88.0000","42602","Nitrogen dioxide (NO2)","200","13820","Birmingham-Hoover, AL","01","Alabama","073","Jefferson","33.5530560008695","-86.815"
"01/21/2023","AQS","010730023","1","12.1","ppb","11","North Birmingham","24","100.0000","42602","Nitrogen dioxide (NO2)","200","13820","Birmingham-Hoover, AL","01","Alabama","073","Jefferson","33.5530560008695","-86.815"
"01/22/2023","AQS","010730023","1","8.4","ppb","8","North Birmingham","24","100.0000","42602","Nitrogen dioxide (NO2)","200","13820","Birmingham-Hoover, AL","01","Alabama","073","Jefferson","33.5530560008695","-86.815"
"01/23/2023","AQS","010730023","1","25.9","ppb","24","North Birmingham","24","100.0000","42602","Nitrogen dioxide (NO2)","200","13820","Birmingham-Hoover, AL","01","Alabama","073","Jefferson","33.5530560008695","-86.815"
"01/24/2023","AQS","010730023","1","22.2","ppb","21","North Birmingham","24","100.0000","42602","Nitrogen dioxide (NO2)","200","13820","Birmingham-Hoover, AL","01","Alabama","073","Jefferson","33.5530560008695","-86.815"
"01/25/2023","AQS","010730023","1","10.5","ppb","9","North Birmingham","24","100.0000","42602","Nitrogen dioxide (NO2)","200","13820","Birmingham-Hoover, AL","01","Alabama","073","Jefferson","33.5530560008695","-86.815"
"01/26/2023","AQS","010730023","1","12.6","ppb","11","North Birmingham","22","92.0000","42602","Nitrogen dioxide (NO2)","200","13820","Birmingham-Hoover, AL","01","Alabama","073","Jefferson","33.5530560008695","-86.815"
"01/27/2023","AQS","010730023","1","37.2","ppb","35","North Birmingham","24","100.0000","42602","Nitrogen dioxide (NO2)","200","13820","Birmingham-Hoover, AL","01","Alabama","073","Jefferson","33.5530560008695","-86.815"
"01/28/2023","AQS","010730023","1","24.2","ppb","23","North Birmingham","24","100.0000","42602","Nitrogen dioxide (NO2)","200","13820","Birmingham-Hoover, AL","01","Alabama","073","Jefferson","33.5530560008695","-86.815"
"01/29/2023","AQS","010730023","1","17.2","ppb","16","North Birmingham","24","100.0000","42602","Nitrogen dioxide (NO2)","200","13820","Birmingham-Hoover, AL","01","Alabama","073","Jefferson","33.5530560008695","-86.815"
"01/30/2023","AQS","010730023","1","20.6","ppb","19","North Birmingham","24","100.0000","42602","Nitrogen dioxide (NO2)","200","13820","Birmingham-Hoover, AL","01","Alabama","073","Jefferson","33.5530560008695","-86.815"
"01/31/2023","AQS","010730023","1","18.6","ppb","17","North Birmingham","24","100.0000","42602","Nitrogen dioxide (NO2)","200","13820","Birmingham-Hoover, AL","01","Alabama","073","Jefferson","33.5530560008695","-86.815"
"02/01/2023","AQS","010730023","1","8.8","ppb","8","North Birmingham","24","100.0000","42602","Nitrogen dioxide (NO2)","200","13820","Birmingham-Hoover, AL","01","Alabama","073","Jefferson","33.5530560008695","-86.815"
"02/02/2023","AQS","010730023","1","12.1","ppb","11","North Birmingham","20","83.0000","42602","Nitrogen dioxide (NO2)","200","13820","Birmingham-Hoover, AL","01","Alabama","073","Jefferson","33.5530560008695","-86.815"
"02/03/2023","AQS","010730023","1","9.7","ppb","8","North Birmingham","22","92.0000","42602","Nitrogen dioxide (NO2)","200","13820","Birmingham-Hoover, AL","01","Alabama","073","Jefferson","33.5530560008695","-86.815"
"02/04/2023","AQS","010730023","1","14.1","ppb","13","North Birmingham","24","100.0000","42602","Nitrogen dioxide (NO2)","200","13820","Birmingham-Hoover, AL","01","Alabama","073","Jefferson","33.5530560008695","-86.815"
"02/05/2023","AQS","010730023","1","29.8","ppb","27","North Birmingham","24","100.0000","42602","Nitrogen dioxide (NO2)","200","13820","Birmingham-Hoover, AL","01","Alabama","073","Jefferson","33.5530560008695","-86.815"
"02/06/2023","AQS","010730023","1","34.3","ppb","32","North Birmingham","24","100.0000","42602","Nitrogen dioxide (NO2)","200","13820","Birmingham-Hoover, AL","01","Alabama","073","Jefferson","33.5530560008695","-86.815"
"02/07/2023","AQS","010730023","1","32.3","ppb","30","North Birmingham","24","100.0000","42602","Nitrogen dioxide (NO2)","200","13820","Birmingham-Hoover, AL","01","Alabama","073","Jefferson","33.5530560008695","-86.815"
"02/08/2023","AQS","010730023","1","12.3","ppb","11","North Birmingham","24","100.0000","42602","Nitrogen dioxide (NO2)","200","13820","Birmingham-Hoover, AL","01","Alabama","073","Jefferson","33.5530560008695","-86.815"
"02/09/2023","AQS","010730023","1","14.4","ppb","13","North Birmingham","23","96.0000","42602","Nitrogen dioxide (NO2)","200","13820","Birmingham-Hoover, AL","01","Alabama","073","Jefferson","33.5530560008695","-86.815"
"02/10/2023","AQS","010730023","1","17.4","ppb","16","North Birmingham","24","100.0000","42602","Nitrogen dioxide (NO2)","200","13820","Birmingham-Hoover, AL","01","Alabama","073","Jefferson","33.5530560008695","-86.815"
"02/11/2023","AQS","010730023","1","6","ppb","6","North Birmingham","24","100.0000","42602","Nitrogen dioxide (NO2)","200","13820","Birmingham-Hoover, AL","01","Alabama","073","Jefferson","33.5530560008695","-86.815"
"02/12/2023","AQS","010730023","1","27.6","ppb","25","North Birmingham","24","100.0000","42602","Nitrogen dioxide (NO2)","200","13820","Birmingham-Hoover, AL","01","Alabama","073","Jefferson","33.5530560008695","-86.815"
"02/13/2023","AQS","010730023","1","36.5","ppb","34","North Birmingham","24","100.0000","42602","Nitrogen dioxide (NO2)","200","13820","Birmingham-Hoover, AL","01","Alabama","073","Jefferson","33.5530560008695","-86.815"
"02/14/2023","AQS","010730023","1","23.9","ppb","22","North Birmingham","24","100.0000","42602","Nitrogen dioxide (NO2)","200","13820","Birmingham-Hoover, AL","01","Alabama","073","Jefferson","33.5530560008695","-86.815"
"02/15/2023","AQS","010730023","1","14.7","ppb","13","North Birmingham","24","100.0000","42602","Nitrogen dioxide (NO2)","200","13820","Birmingham-Hoover, AL","01","Alabama","073","Jefferson","33.5530560008695","-86.815"
"02/16/2023","AQS","010730023","1","7.1","ppb","7","North Birmingham","18","75.0000","42602","Nitrogen dioxide (NO2)","200","13820","Birmingham-Hoover, AL","01","Alabama","073","Jefferson","33.5530560008695","-86.815"
"02/17/2023","AQS","010730023","1","6.7","ppb","6","North Birmingham","22","92.0000","42602","Nitrogen dioxide (NO2)","200","13820","Birmingham-Hoover, AL","01","Alabama","073","Jefferson","33.5530560008695","-86.815"
"02/18/2023","AQS","010730023","1","27.7","ppb","25","North Birmingham","24","100.0000","42602","Nitrogen dioxide (NO2)","200","13820","Birmingham-Hoover, AL","01","Alabama","073","Jefferson","33.5530560008695","-86.815"
"02/19/2023","AQS","010730023","1","14.2","ppb","13","North Birmingham","24","100.0000","42602","Nitrogen dioxide (NO2)","200","13820","Birmingham-Hoover, AL","01","Alabama","073","Jefferson","33.5530560008695","-86.815"
"02/20/2023","AQS","010730023","1","13.8","ppb","12","North Birmingham","24","100.0000","42602","Nitrogen dioxide (NO2)","200","13820","Birmingham-Hoover, AL","01","Alabama","073","Jefferson","33.5530560008695","-86.815"
"02/21/2023","AQS","010730023","1","19.4","ppb","18","North Birmingham","24","100.0000","42602","Nitrogen dioxide (NO2)","200","13820","Birmingham-Hoover, AL","01","Alabama","073","Jefferson","33.5530560008695","-86.815"
"02/22/2023","AQS","010730023","1","6.4","ppb","6","North Birmingham","24","100.0000","42602","Nitrogen dioxide (NO2)","200","13820","Birmingham-Hoover, AL","01","Alabama","073","Jefferson","33.5530560008695","-86.815"
"02/23/2023","AQS","010730023","1","22.5","ppb","21","North Birmingham","22","92.0000","42602","Nitrogen dioxide (NO2)","200","13820","Birmingham-Hoover, AL","01","Alabama","073","Jefferson","33.5530560008695","-86.815"
"02/24/2023","AQS","010730023","1","10.9","ppb","9","North Birmingham","24","100.0000","42602","Nitrogen dioxide (NO2)","200","13820","Birmingham-Hoover, AL","01","Alabama","073","Jefferson","33.5530560008695","-86.815"
"02/25/2023","AQS","010730023","1","16.7","ppb","15","North Birmingham","24","100.0000","42602","Nitrogen dioxide (NO2)","200","13820","Birmingham-Hoover, AL","01","Alabama","073","Jefferson","33.5530560008695","-86.815"
"02/26/2023","AQS","010730023","1","14.3","ppb","13","North Birmingham","24","100.0000","42602","Nitrogen dioxide (NO2)","200","13820","Birmingham-Hoover, AL","01","Alabama","073","Jefferson","33.5530560008695","-86.815"
"02/27/2023","AQS","010730023","1","12","ppb","11","North Birmingham","24","100.0000","42602","Nitrogen dioxide (NO2)","200","13820","Birmingham-Hoover, AL","01","Alabama","073","Jefferson","33.5530560008695","-86.815"
"02/28/2023","AQS","010730023","1","37","ppb","35","North Birmingham","24","100.0000","42602","Nitrogen dioxide (NO2)","200","13820","Birmingham-Hoover, AL","01","Alabama","073","Jefferson","33.5530560008695","-86.815"
"03/01/2023","AQS","010730023","1","27.6","ppb","25","North Birmingham","24","100.0000","42602","Nitrogen dioxide (NO2)","200","13820","Birmingham-Hoover, AL","01","Alabama","073","Jefferson","33.5530560008695","-86.815"
"03/03/2023","AQS","010730023","1","11.9","ppb","10","North Birmingham","24","100.0000","42602","Nitrogen dioxide (NO2)","200","13820","Birmingham-Hoover, AL","01","Alabama","073","Jefferson","33.5530560008695","-86.815"
"03/04/2023","AQS","010730023","1","22","ppb","21","North Birmingham","24","100.0000","42602","Nitrogen dioxide (NO2)","200","13820","Birmingham-Hoover, AL","01","Alabama","073","Jefferson","33.5530560008695","-86.815"
"03/05/2023","AQS","010730023","1","27.7","ppb","25","North Birmingham","24","100.0000","42602","Nitrogen dioxide (NO2)","200","13820","Birmingham-Hoover, AL","01","Alabama","073","Jefferson","33.5530560008695","-86.815"
"03/06/2023","AQS","010730023","1","23.9","ppb","22","North Birmingham","24","100.0000","42602","Nitrogen dioxide (NO2)","200","13820","Birmingham-Hoover, AL","01","Alabama","073","Jefferson","33.5530560008695","-86.815"
"03/07/2023","AQS","010730023","1","20.2","ppb","19","North Birmingham","24","100.0000","42602","Nitrogen dioxide (NO2)","200","13820","Birmingham-Hoover, AL","01","Alabama","073","Jefferson","33.5530560008695","-86.815"
"03/08/2023","AQS","010730023","1","12.4","ppb","11","North Birmingham","24","100.0000","42602","Nitrogen dioxide (NO2)","200","13820","Birmingham-Hoover, AL","01","Alabama","073","Jefferson","33.5530560008695","-86.815"
"03/09/2023","AQS","010730023","1","15.1","ppb","14","North Birmingham","23","96.0000","42602","Nitrogen dioxide (NO2)","200","13820","Birmingham-Hoover, AL","01","Alabama","073","Jefferson","33.5530560008695","-86.815"
"03/10/2023","AQS","010730023","1","27","ppb","25","North Birmingham","24","100.0000","42602","Nitrogen dioxide (NO2)","200","13820","Birmingham-Hoover, AL","01","Alabama","073","Jefferson","33.5530560008695","-86.815"
"03/11/2023","AQS","010730023","1","14.4","ppb","13","North Birmingham","24","100.0000","42602","Nitrogen dioxide (NO2)","200","13820","Birmingham-Hoover, AL","01","Alabama","073","Jefferson","33.5530560008695","-86.815"
"03/12/2023","AQS","010730023","1","8.3","ppb","8","North Birmingham","24","100.0000","42602","Nitrogen dioxide (NO2)","200","13820","Birmingham-Hoover, AL","01","Alabama","073","Jefferson","33.5530560008695","-86.815"
"03/13/2023","AQS","010730023","1","14","ppb","13","North Birmingham","24","100.0000","42602","Nitrogen dioxide (NO2)","200","13820","Birmingham-Hoover, AL","01","Alabama","073","Jefferson","33.5530560008695","-86.815"
"03/14/2023","AQS","010730023","1","9","ppb","8","North Birmingham","24","100.0000","42602","Nitrogen dioxide (NO2)","200","13820","Birmingham-Hoover, AL","01","Alabama","073","Jefferson","33.5530560008695","-86.815"
"03/15/2023","AQS","010730023","1","29.4","ppb","27","North Birmingham","19","79.0000","42602","Nitrogen dioxide (NO2)","200","13820","Birmingham-Hoover, AL","01","Alabama","073","Jefferson","33.5530560008695","-86.815"
"03/16/2023","AQS","010730023","1","32.5","ppb","30","North Birmingham","21","88.0000","42602","Nitrogen dioxide (NO2)","200","13820","Birmingham-Hoover, AL","01","Alabama","073","Jefferson","33.5530560008695","-86.815"
"03/17/2023","AQS","010730023","1","7.8","ppb","7","North Birmingham","24","100.0000","42602","Nitrogen dioxide (NO2)","200","13820","Birmingham-Hoover, AL","01","Alabama","073","Jefferson","33.5530560008695","-86.815"
"03/18/2023","AQS","010730023","1","8.4","ppb","8","North Birmingham","24","100.0000","42602","Nitrogen dioxide (NO2)","200","13820","Birmingham-Hoover, AL","01","Alabama","073","Jefferson","33.5530560008695","-86.815"
"03/19/2023","AQS","010730023","1","9.1","ppb","8","North Birmingham","24","100.0000","42602","Nitrogen dioxide (NO2)","200","13820","Birmingham-Hoover, AL","01","Alabama","073","Jefferson","33.5530560008695","-86.815"
"03/20/2023","AQS","010730023","1","27.9","ppb","25","North Birmingham","24","100.0000","42602","Nitrogen dioxide (NO2)","200","13820","Birmingham-Hoover, AL","01","Alabama","073","Jefferson","33.5530560008695","-86.815"
"03/21/2023","AQS","010730023","1","30.4","ppb","28","North Birmingham","24","100.0000","42602","Nitrogen dioxide (NO2)","200","13820","Birmingham-Hoover, AL","01","Alabama","073","Jefferson","33.5530560008695","-86.815"
"03/22/2023","AQS","010730023","1","19.2","ppb","18","North Birmingham","21","88.0000","42602","Nitrogen dioxide (NO2)","200","13820","Birmingham-Hoover, AL","01","Alabama","073","Jefferson","33.5530560008695","-86.815"
"03/23/2023","AQS","010730023","1","21.6","ppb","20","North Birmingham","22","92.0000","42602","Nitrogen dioxide (NO2)","200","13820","Birmingham-Hoover, AL","01","Alabama","073","Jefferson","33.5530560008695","-86.815"
"03/24/2023","AQS","010730023","1","13.4","ppb","12","North Birmingham","24","100.0000","42602","Nitrogen dioxide (NO2)","200","13820","Birmingham-Hoover, AL","01","Alabama","073","Jefferson","33.5530560008695","-86.815"
"03/25/2023","AQS","010730023","1","25.2","ppb","24","North Birmingham","24","100.0000","42602","Nitrogen dioxide (NO2)","200","13820","Birmingham-Hoover, AL","01","Alabama","073","Jefferson","33.5530560008695","-86.815"
"03/26/2023","AQS","010730023","1","24.5","ppb","23","North Birmingham","24","100.0000","42602","Nitrogen dioxide (NO2)","200","13820","Birmingham-Hoover, AL","01","Alabama","073","Jefferson","33.5530560008695","-86.815"
"03/27/2023","AQS","010730023","1","11.3","ppb","10","North Birmingham","24","100.0000","42602","Nitrogen dioxide (NO2)","200","13820","Birmingham-Hoover, AL","01","Alabama","073","Jefferson","33.5530560008695","-86.815"
"03/28/2023","AQS","010730023","1","20.4","ppb","19","North Birmingham","24","100.0000","42602","Nitrogen dioxide (NO2)","200","13820","Birmingham-Hoover, AL","01","Alabama","073","Jefferson","33.5530560008695","-86.815"
"03/29/2023","AQS","010730023","1","35.3","ppb","33","North Birmingham","21","88.0000","42602","Nitrogen dioxide (NO2)","200","13820","Birmingham-Hoover, AL","01","Alabama","073","Jefferson","33.5530560008695","-86.815"
"03/30/2023","AQS","010730023","1","26.9","ppb","25","North Birmingham","18","75.0000","42602","Nitrogen dioxide (NO2)","200","13820","Birmingham-Hoover, AL","01","Alabama","073","Jefferson","33.5530560008695","-86.815"
"04/01/2023","AQS","010730023","1","11.1","ppb","10","North Birmingham","24","100.0000","42602","Nitrogen dioxide (NO2)","200","13820","Birmingham-Hoover, AL","01","Alabama","073","Jefferson","33.5530560008695","-86.815"
"04/02/2023","AQS","010730023","1","17.4","ppb","16","North Birmingham","24","100.0000","42602","Nitrogen dioxide (NO2)","200","13820","Birmingham-Hoover, AL","01","Alabama","073","Jefferson","33.5530560008695","-86.815"
"04/03/2023","AQS","010730023","1","17.5","ppb","16","North Birmingham","23","96.0000","42602","Nitrogen dioxide (NO2)","200","13820","Birmingham-Hoover, AL","01","Alabama","073","Jefferson","33.5530560008695","-86.815"
"04/04/2023","AQS","010730023","1","10.1","ppb","9","North Birmingham","24","100.0000","42602","Nitrogen dioxide (NO2)","200","13820","Birmingham-Hoover, AL","01","Alabama","073","Jefferson","33.5530560008695","-86.815"
"04/05/2023","AQS","010730023","1","9.3","ppb","8","North Birmingham","20","83.0000","42602","Nitrogen dioxide (NO2)","200","13820","Birmingham-Hoover, AL","01","Alabama","073","Jefferson","33.5530560008695","-86.815"
"04/06/2023","AQS","010730023","1","23.9","ppb","22","North Birmingham","24","100.0000","42602","Nitrogen dioxide (NO2)","200","13820","Birmingham-Hoover, AL","01","Alabama","073","Jefferson","33.5530560008695","-86.815"
"04/07/2023","AQS","010730023","1","4","ppb","4","North Birmingham","24","100.0000","42602","Nitrogen dioxide (NO2)","200","13820","Birmingham-Hoover, AL","01","Alabama","073","Jefferson","33.5530560008695","-86.815"
"04/08/2023","AQS","010730023","1","5.3","ppb","5","North Birmingham","24","100.0000","42602","Nitrogen dioxide (NO2)","200","13820","Birmingham-Hoover, AL","01","Alabama","073","Jefferson","33.5530560008695","-86.815"
"04/09/2023","AQS","010730023","1","11.6","ppb","10","North Birmingham","24","100.0000","42602","Nitrogen dioxide (NO2)","200","13820","Birmingham-Hoover, AL","01","Alabama","073","Jefferson","33.5530560008695","-86.815"
"04/10/2023","AQS","010730023","1","39.7","ppb","37","North Birmingham","24","100.0000","42602","Nitrogen dioxide (NO2)","200","13820","Birmingham-Hoover, AL","01","Alabama","073","Jefferson","33.5530560008695","-86.815"
"04/11/2023","AQS","010730023","1","39.5","ppb","37","North Birmingham","24","100.0000","42602","Nitrogen dioxide (NO2)","200","13820","Birmingham-Hoover, AL","01","Alabama","073","Jefferson","33.5530560008695","-86.815"
"04/12/2023","AQS","010730023","1","39.2","ppb","37","North Birmingham","24","100.0000","42602","Nitrogen dioxide (NO2)","200","13820","Birmingham-Hoover, AL","01","Alabama","073","Jefferson","33.5530560008695","-86.815"
"04/13/2023","AQS","010730023","1","40.6","ppb","38","North Birmingham","24","100.0000","42602","Nitrogen dioxide (NO2)","200","13820","Birmingham-Hoover, AL","01","Alabama","073","Jefferson","33.5530560008695","-86.815"
"04/14/2023","AQS","010730023","1","14","ppb","13","North Birmingham","19","79.0000","42602","Nitrogen dioxide (NO2)","200","13820","Birmingham-Hoover, AL","01","Alabama","073","Jefferson","33.5530560008695","-86.815"
"04/15/2023","AQS","010730023","1","11.6","ppb","10","North Birmingham","24","100.0000","42602","Nitrogen dioxide (NO2)","200","13820","Birmingham-Hoover, AL","01","Alabama","073","Jefferson","33.5530560008695","-86.815"
"04/16/2023","AQS","010730023","1","5.9","ppb","5","North Birmingham","24","100.0000","42602","Nitrogen dioxide (NO2)","200","13820","Birmingham-Hoover, AL","01","Alabama","073","Jefferson","33.5530560008695","-86.815"
"04/17/2023","AQS","010730023","1","37.1","ppb","35","North Birmingham","24","100.0000","42602","Nitrogen dioxide (NO2)","200","13820","Birmingham-Hoover, AL","01","Alabama","073","Jefferson","33.5530560008695","-86.815"
"04/18/2023","AQS","010730023","1","37.9","ppb","35","North Birmingham","24","100.0000","42602","Nitrogen dioxide (NO2)","200","13820","Birmingham-Hoover, AL","01","Alabama","073","Jefferson","33.5530560008695","-86.815"
"04/19/2023","AQS","010730023","1","33.3","ppb","31","North Birmingham","22","92.0000","42602","Nitrogen dioxide (NO2)","200","13820","Birmingham-Hoover, AL","01","Alabama","073","Jefferson","33.5530560008695","-86.815"
"04/20/2023","AQS","010730023","1","32.6","ppb","30","North Birmingham","20","83.0000","42602","Nitrogen dioxide (NO2)","200","13820","Birmingham-Hoover, AL","01","Alabama","073","Jefferson","33.5530560008695","-86.815"
"04/21/2023","AQS","010730023","1","9.1","ppb","8","North Birmingham","24","100.0000","42602","Nitrogen dioxide (NO2)","200","13820","Birmingham-Hoover, AL","01","Alabama","073","Jefferson","33.5530560008695","-86.815"
"04/22/2023","AQS","010730023","1","17.8","ppb","16","North Birmingham","24","100.0000","42602","Nitrogen dioxide (NO2)","200","13820","Birmingham-Hoover, AL","01","Alabama","073","Jefferson","33.5530560008695","-86.815"
"04/23/2023","AQS","010730023","1","4.1","ppb","4","North Birmingham","24","100.0000","42602","Nitrogen dioxide (NO2)","200","13820","Birmingham-Hoover, AL","01","Alabama","073","Jefferson","33.5530560008695","-86.815"
"04/24/2023","AQS","010730023","1","8.3","ppb","8","North Birmingham","24","100.0000","42602","Nitrogen dioxide (NO2)","200","13820","Birmingham-Hoover, AL","01","Alabama","073","Jefferson","33.5530560008695","-86.815"
"04/25/2023","AQS","010730023","1","16.4","ppb","15","North Birmingham","24","100.0000","42602","Nitrogen dioxide (NO2)","200","13820","Birmingham-Hoover, AL","01","Alabama","073","Jefferson","33.5530560008695","-86.815"
"04/26/2023","AQS","010730023","1","18.5","ppb","17","North Birmingham","20","83.0000","42602","Nitrogen dioxide (NO2)","200","13820","Birmingham-Hoover, AL","01","Alabama","073","Jefferson","33.5530560008695","-86.815"
"04/27/2023","AQS","010730023","1","9.8","ppb","8","North Birmingham","22","92.0000","42602","Nitrogen dioxide (NO2)","200","13820","Birmingham-Hoover, AL","01","Alabama","073","Jefferson","33.5530560008695","-86.815"
"04/28/2023","AQS","010730023","1","19","ppb","18","North Birmingham","20","83.0000","42602","Nitrogen dioxide (NO2)","200","13820","Birmingham-Hoover, AL","01","Alabama","073","Jefferson","33.5530560008695","-86.815"
"04/29/2023","AQS","010730023","1","16","ppb","15","North Birmingham","24","100.0000","42602","Nitrogen dioxide (NO2)","200","13820","Birmingham-Hoover, AL","01","Alabama","073","Jefferson","33.5530560008695","-86.815"
"04/30/2023","AQS","010730023","1","9","ppb","8","North Birmingham","24","100.0000","42602","Nitrogen dioxide (NO2)","200","13820","Birmingham-Hoover, AL","01","Alabama","073","Jefferson","33.5530560008695","-86.815"
"05/01/2023","AQS","010730023","1","10.4","ppb","9","North Birmingham","24","100.0000","42602","Nitrogen dioxide (NO2)","200","13820","Birmingham-Hoover, AL","01","Alabama","073","Jefferson","33.5530560008695","-86.815"
"05/02/2023","AQS","010730023","1","29.2","ppb","27","North Birmingham","24","100.0000","42602","Nitrogen dioxide (NO2)","200","13820","Birmingham-Hoover, AL","01","Alabama","073","Jefferson","33.5530560008695","-86.815"
"05/03/2023","AQS","010730023","1","32.9","ppb","30","North Birmingham","22","92.0000","42602","Nitrogen dioxide (NO2)","200","13820","Birmingham-Hoover, AL","01","Alabama","073","Jefferson","33.5530560008695","-86.815"
"05/04/2023","AQS","010730023","1","28.3","ppb","26","North Birmingham","24","100.0000","42602","Nitrogen dioxide (NO2)","200","13820","Birmingham-Hoover, AL","01","Alabama","073","Jefferson","33.5530560008695","-86.815"
"05/05/2023","AQS","010730023","1","23.3","ppb","22","North Birmingham","24","100.0000","42602","Nitrogen dioxide (NO2)","200","13820","Birmingham-Hoover, AL","01","Alabama","073","Jefferson","33.5530560008695","-86.815"
"05/06/2023","AQS","010730023","1","10.2","ppb","9","North Birmingham","24","100.0000","42602","Nitrogen dioxide (NO2)","200","13820","Birmingham-Hoover, AL","01","Alabama","073","Jefferson","33.5530560008695","-86.815"
"05/07/2023","AQS","010730023","1","10.1","ppb","9","North Birmingham","24","100.0000","42602","Nitrogen dioxide (NO2)","200","13820","Birmingham-Hoover, AL","01","Alabama","073","Jefferson","33.5530560008695","-86.815"
"05/08/2023","AQS","010730023","1","13.6","ppb","12","North Birmingham","24","100.0000","42602","Nitrogen dioxide (NO2)","200","13820","Birmingham-Hoover, AL","01","Alabama","073","Jefferson","33.5530560008695","-86.815"
"05/09/2023","AQS","010730023","1","12.5","ppb","11","North Birmingham","24","100.0000","42602","Nitrogen dioxide (NO2)","200","13820","Birmingham-Hoover, AL","01","Alabama","073","Jefferson","33.5530560008695","-86.815"
"05/10/2023","AQS","010730023","1","26.7","ppb","25","North Birmingham","24","100.0000","42602","Nitrogen dioxide (NO2)","200","13820","Birmingham-Hoover, AL","01","Alabama","073","Jefferson","33.5530560008695","-86.815"
"05/11/2023","AQS","010730023","1","11.6","ppb","10","North Birmingham","19","79.0000","42602","Nitrogen dioxide (NO2)","200","13820","Birmingham-Hoover, AL","01","Alabama","073","Jefferson","33.5530560008695","-86.815"
"05/12/2023","AQS","010730023","1","14.8","ppb","13","North Birmingham","24","100.0000","42602","Nitrogen dioxide (NO2)","200","13820","Birmingham-Hoover, AL","01","Alabama","073","Jefferson","33.5530560008695","-86.815"
"05/13/2023","AQS","010730023","1","21.9","ppb","20","North Birmingham","24","100.0000","42602","Nitrogen dioxide (NO2)","200","13820","Birmingham-Hoover, AL","01","Alabama","073","Jefferson","33.5530560008695","-86.815"
"05/14/2023","AQS","010730023","1","20","ppb","19","North Birmingham","24","100.0000","42602","Nitrogen dioxide (NO2)","200","13820","Birmingham-Hoover, AL","01","Alabama","073","Jefferson","33.5530560008695","-86.815"
"05/15/2023","AQS","010730023","1","14.9","ppb","13","North Birmingham","24","100.0000","42602","Nitrogen dioxide (NO2)","200","13820","Birmingham-Hoover, AL","01","Alabama","073","Jefferson","33.5530560008695","-86.815"
"05/16/2023","AQS","010730023","1","17.1","ppb","16","North Birmingham","24","100.0000","42602","Nitrogen dioxide (NO2)","200","13820","Birmingham-Hoover, AL","01","Alabama","073","Jefferson","33.5530560008695","-86.815"
"05/17/2023","AQS","010730023","1","25","ppb","24","North Birmingham","23","96.0000","42602","Nitrogen dioxide (NO2)","200","13820","Birmingham-Hoover, AL","01","Alabama","073","Jefferson","33.5530560008695","-86.815"
"05/18/2023","AQS","010730023","1","16.2","ppb","15","North Birmingham","24","100.0000","42602","Nitrogen dioxide (NO2)","200","13820","Birmingham-Hoover, AL","01","Alabama","073","Jefferson","33.5530560008695","-86.815"
"05/19/2023","AQS","010730023","1","7.3","ppb","7","North Birmingham","24","100.0000","42602","Nitrogen dioxide (NO2)","200","13820","Birmingham-Hoover, AL","01","Alabama","073","Jefferson","33.5530560008695","-86.815"
"05/20/2023","AQS","010730023","1","6.2","ppb","6","North Birmingham","24","100.0000","42602","Nitrogen dioxide (NO2)","200","13820","Birmingham-Hoover, AL","01","Alabama","073","Jefferson","33.5530560008695","-86.815"
"05/21/2023","AQS","010730023","1","11.8","ppb","10","North Birmingham","24","100.0000","42602","Nitrogen dioxide (NO2)","200","13820","Birmingham-Hoover, AL","01","Alabama","073","Jefferson","33.5530560008695","-86.815"
"05/22/2023","AQS","010730023","1","11","ppb","10","North Birmingham","24","100.0000","42602","Nitrogen dioxide (NO2)","200","13820","Birmingham-Hoover, AL","01","Alabama","073","Jefferson","33.5530560008695","-86.815"
"05/23/2023","AQS","010730023","1","10","ppb","9","North Birmingham","19","79.0000","42602","Nitrogen dioxide (NO2)","200","13820","Birmingham-Hoover, AL","01","Alabama","073","Jefferson","33.5530560008695","-86.815"
"05/24/2023","AQS","010730023","1","32.4","ppb","30","North Birmingham","24","100.0000","42602","Nitrogen dioxide (NO2)","200","13820","Birmingham-Hoover, AL","01","Alabama","073","Jefferson","33.5530560008695","-86.815"
"05/25/2023","AQS","010730023","1","28.5","ppb","26","North Birmingham","24","100.0000","42602","Nitrogen dioxide (NO2)","200","13820","Birmingham-Hoover, AL","01","Alabama","073","Jefferson","33.5530560008695","-86.815"
"05/26/2023","AQS","010730023","1","32.8","ppb","30","North Birmingham","24","100.0000","42602","Nitrogen dioxide (NO2)","200","13820","Birmingham-Hoover, AL","01","Alabama","073","Jefferson","33.5530560008695","-86.815"
"05/27/2023","AQS","010730023","1","16","ppb","15","North Birmingham","24","100.0000","42602","Nitrogen dioxide (NO2)","200","13820","Birmingham-Hoover, AL","01","Alabama","073","Jefferson","33.5530560008695","-86.815"
"05/28/2023","AQS","010730023","1","7.6","ppb","7","North Birmingham","24","100.0000","42602","Nitrogen dioxide (NO2)","200","13820","Birmingham-Hoover, AL","01","Alabama","073","Jefferson","33.5530560008695","-86.815"
"05/29/2023","AQS","010730023","1","15.8","ppb","14","North Birmingham","24","100.0000","42602","Nitrogen dioxide (NO2)","200","13820","Birmingham-Hoover, AL","01","Alabama","073","Jefferson","33.5530560008695","-86.815"
"05/30/2023","AQS","010730023","1","29.4","ppb","27","North Birmingham","24","100.0000","42602","Nitrogen dioxide (NO2)","200","13820","Birmingham-Hoover, AL","01","Alabama","073","Jefferson","33.5530560008695","-86.815"
"05/31/2023","AQS","010730023","1","21.3","ppb","20","North Birmingham","22","92.0000","42602","Nitrogen dioxide (NO2)","200","13820","Birmingham-Hoover, AL","01","Alabama","073","Jefferson","33.5530560008695","-86.815"
"06/01/2023","AQS","010730023","1","28.2","ppb","26","North Birmingham","24","100.0000","42602","Nitrogen dioxide (NO2)","200","13820","Birmingham-Hoover, AL","01","Alabama","073","Jefferson","33.5530560008695","-86.815"
"06/02/2023","AQS","010730023","1","23.5","ppb","22","North Birmingham","24","100.0000","42602","Nitrogen dioxide (NO2)","200","13820","Birmingham-Hoover, AL","01","Alabama","073","Jefferson","33.5530560008695","-86.815"
"06/03/2023","AQS","010730023","1","30.1","ppb","28","North Birmingham","24","100.0000","42602","Nitrogen dioxide (NO2)","200","13820","Birmingham-Hoover, AL","01","Alabama","073","Jefferson","33.5530560008695","-86.815"
"06/04/2023","AQS","010730023","1","27.3","ppb","25","North Birmingham","24","100.0000","42602","Nitrogen dioxide (NO2)","200","13820","Birmingham-Hoover, AL","01","Alabama","073","Jefferson","33.5530560008695","-86.815"
"06/05/2023","AQS","010730023","1","34","ppb","32","North Birmingham","24","100.0000","42602","Nitrogen dioxide (NO2)","200","13820","Birmingham-Hoover, AL","01","Alabama","073","Jefferson","33.5530560008695","-86.815"
"06/06/2023","AQS","010730023","1","23.3","ppb","22","North Birmingham","24","100.0000","42602","Nitrogen dioxide (NO2)","200","13820","Birmingham-Hoover, AL","01","Alabama","073","Jefferson","33.5530560008695","-86.815"
"06/07/2023","AQS","010730023","1","26.5","ppb","25","North Birmingham","24","100.0000","42602","Nitrogen dioxide (NO2)","200","13820","Birmingham-Hoover, AL","01","Alabama","073","Jefferson","33.5530560008695","-86.815"
"06/09/2023","AQS","010730023","1","32.8","ppb","30","North Birmingham","24","100.0000","42602","Nitrogen dioxide (NO2)","200","13820","Birmingham-Hoover, AL","01","Alabama","073","Jefferson","33.5530560008695","-86.815"
"06/10/2023","AQS","010730023","1","32.5","ppb","30","North Birmingham","24","100.0000","42602","Nitrogen dioxide (NO2)","200","13820","Birmingham-Hoover, AL","01","Alabama","073","Jefferson","33.5530560008695","-86.815"
"06/11/2023","AQS","010730023","1","6.5","ppb","6","North Birmingham","24","100.0000","42602","Nitrogen dioxide (NO2)","200","13820","Birmingham-Hoover, AL","01","Alabama","073","Jefferson","33.5530560008695","-86.815"
"06/12/2023","AQS","010730023","1","24.1","ppb","23","North Birmingham","24","100.0000","42602","Nitrogen dioxide (NO2)","200","13820","Birmingham-Hoover, AL","01","Alabama","073","Jefferson","33.5530560008695","-86.815"
"06/13/2023","AQS","010730023","1","11.5","ppb","10","North Birmingham","24","100.0000","42602","Nitrogen dioxide (NO2)","200","13820","Birmingham-Hoover, AL","01","Alabama","073","Jefferson","33.5530560008695","-86.815"
"06/14/2023","AQS","010730023","1","16.9","ppb","15","North Birmingham","21","88.0000","42602","Nitrogen dioxide (NO2)","200","13820","Birmingham-Hoover, AL","01","Alabama","073","Jefferson","33.5530560008695","-86.815"
"06/15/2023","AQS","010730023","1","12","ppb","11","North Birmingham","24","100.0000","42602","Nitrogen dioxide (NO2)","200","13820","Birmingham-Hoover, AL","01","Alabama","073","Jefferson","33.5530560008695","-86.815"
"06/16/2023","AQS","010730023","1","18.5","ppb","17","North Birmingham","24","100.0000","42602","Nitrogen dioxide (NO2)","200","13820","Birmingham-Hoover, AL","01","Alabama","073","Jefferson","33.5530560008695","-86.815"
"06/17/2023","AQS","010730023","1","29.1","ppb","27","North Birmingham","24","100.0000","42602","Nitrogen dioxide (NO2)","200","13820","Birmingham-Hoover, AL","01","Alabama","073","Jefferson","33.5530560008695","-86.815"
"06/18/2023","AQS","010730023","1","21.8","ppb","20","North Birmingham","24","100.0000","42602","Nitrogen dioxide (NO2)","200","13820","Birmingham-Hoover, AL","01","Alabama","073","Jefferson","33.5530560008695","-86.815"
"06/19/2023","AQS","010730023","1","10.3","ppb","9","North Birmingham","24","100.0000","42602","Nitrogen dioxide (NO2)","200","13820","Birmingham-Hoover, AL","01","Alabama","073","Jefferson","33.5530560008695","-86.815"
"06/20/2023","AQS","010730023","1","19.8","ppb","18","North Birmingham","24","100.0000","42602","Nitrogen dioxide (NO2)","200","13820","Birmingham-Hoover, AL","01","Alabama","073","Jefferson","33.5530560008695","-86.815"
"06/21/2023","AQS","010730023","1","12.5","ppb","11","North Birmingham","24","100.0000","42602","Nitrogen dioxide (NO2)","200","13820","Birmingham-Hoover, AL","01","Alabama","073","Jefferson","33.5530560008695","-86.815"
"06/22/2023","AQS","010730023","1","17.6","ppb","16","North Birmingham","20","83.0000","42602","Nitrogen dioxide (NO2)","200","13820","Birmingham-Hoover, AL","01","Alabama","073","Jefferson","33.5530560008695","-86.815"
"06/23/2023","AQS","010730023","1","27","ppb","25","North Birmingham","24","100.0000","42602","Nitrogen dioxide (NO2)","200","13820","Birmingham-Hoover, AL","01","Alabama","073","Jefferson","33.5530560008695","-86.815"
"06/24/2023","AQS","010730023","1","23","ppb","22","North Birmingham","24","100.0000","42602","Nitrogen dioxide (NO2)","200","13820","Birmingham-Hoover, AL","01","Alabama","073","Jefferson","33.5530560008695","-86.815"
"06/25/2023","AQS","010730023","1","20.6","ppb","19","North Birmingham","24","100.0000","42602","Nitrogen dioxide (NO2)","200","13820","Birmingham-Hoover, AL","01","Alabama","073","Jefferson","33.5530560008695","-86.815"
"06/26/2023","AQS","010730023","1","18.4","ppb","17","North Birmingham","24","100.0000","42602","Nitrogen dioxide (NO2)","200","13820","Birmingham-Hoover, AL","01","Alabama","073","Jefferson","33.5530560008695","-86.815"
"06/27/2023","AQS","010730023","1","29.4","ppb","27","North Birmingham","24","100.0000","42602","Nitrogen dioxide (NO2)","200","13820","Birmingham-Hoover, AL","01","Alabama","073","Jefferson","33.5530560008695","-86.815"
"06/28/2023","AQS","010730023","1","38.3","ppb","36","North Birmingham","23","96.0000","42602","Nitrogen dioxide (NO2)","200","13820","Birmingham-Hoover, AL","01","Alabama","073","Jefferson","33.5530560008695","-86.815"
"06/29/2023","AQS","010730023","1","28.9","ppb","26","North Birmingham","24","100.0000","42602","Nitrogen dioxide (NO2)","200","13820","Birmingham-Hoover, AL","01","Alabama","073","Jefferson","33.5530560008695","-86.815"
"06/30/2023","AQS","010730023","1","19.6","ppb","18","North Birmingham","24","100.0000","42602","Nitrogen dioxide (NO2)","200","13820","Birmingham-Hoover, AL","01","Alabama","073","Jefferson","33.5530560008695","-86.815"
"07/01/2023","AQS","010730023","1","15.2","ppb","14","North Birmingham","24","100.0000","42602","Nitrogen dioxide (NO2)","200","13820","Birmingham-Hoover, AL","01","Alabama","073","Jefferson","33.5530560008695","-86.815"
"07/02/2023","AQS","010730023","1","8.2","ppb","8","North Birmingham","24","100.0000","42602","Nitrogen dioxide (NO2)","200","13820","Birmingham-Hoover, AL","01","Alabama","073","Jefferson","33.5530560008695","-86.815"
"07/03/2023","AQS","010730023","1","13.9","ppb","12","North Birmingham","24","100.0000","42602","Nitrogen dioxide (NO2)","200","13820","Birmingham-Hoover, AL","01","Alabama","073","Jefferson","33.5530560008695","-86.815"
"07/04/2023","AQS","010730023","1","19.1","ppb","18","North Birmingham","24","100.0000","42602","Nitrogen dioxide (NO2)","200","13820","Birmingham-Hoover, AL","01","Alabama","073","Jefferson","33.5530560008695","-86.815"
"07/05/2023","AQS","010730023","1","19.7","ppb","18","North Birmingham","24","100.0000","42602","Nitrogen dioxide (NO2)","200","13820","Birmingham-Hoover, AL","01","Alabama","073","Jefferson","33.5530560008695","-86.815"
"07/06/2023","AQS","010730023","1","13.9","ppb","12","North Birmingham","19","79.0000","42602","Nitrogen dioxide (NO2)","200","13820","Birmingham-Hoover, AL","01","Alabama","073","Jefferson","33.5530560008695","-86.815"
"07/07/2023","AQS","010730023","1","11.4","ppb","10","North Birmingham","24","100.0000","42602","Nitrogen dioxide (NO2)","200","13820","Birmingham-Hoover, AL","01","Alabama","073","Jefferson","33.5530560008695","-86.815"
"07/08/2023","AQS","010730023","1","13.5","ppb","12","North Birmingham","24","100.0000","42602","Nitrogen dioxide (NO2)","200","13820","Birmingham-Hoover, AL","01","Alabama","073","Jefferson","33.5530560008695","-86.815"
"07/09/2023","AQS","010730023","1","7.4","ppb","7","North Birmingham","24","100.0000","42602","Nitrogen dioxide (NO2)","200","13820","Birmingham-Hoover, AL","01","Alabama","073","Jefferson","33.5530560008695","-86.815"
"07/10/2023","AQS","010730023","1","13.6","ppb","12","North Birmingham","24","100.0000","42602","Nitrogen dioxide (NO2)","200","13820","Birmingham-Hoover, AL","01","Alabama","073","Jefferson","33.5530560008695","-86.815"
"07/11/2023","AQS","010730023","1","25.2","ppb","24","North Birmingham","24","100.0000","42602","Nitrogen dioxide (NO2)","200","13820","Birmingham-Hoover, AL","01","Alabama","073","Jefferson","33.5530560008695","-86.815"
"07/12/2023","AQS","010730023","1","19.9","ppb","18","North Birmingham","22","92.0000","42602","Nitrogen dioxide (NO2)","200","13820","Birmingham-Hoover, AL","01","Alabama","073","Jefferson","33.5530560008695","-86.815"
"07/13/2023","AQS","010730023","1","12.1","ppb","11","North Birmingham","24","100.0000","42602","Nitrogen dioxide (NO2)","200","13820","Birmingham-Hoover, AL","01","Alabama","073","Jefferson","33.5530560008695","-86.815"
"07/14/2023","AQS","010730023","1","11.3","ppb","10","North Birmingham","24","100.0000","42602","Nitrogen dioxide (NO2)","200","13820","Birmingham-Hoover, AL","01","Alabama","073","Jefferson","33.5530560008695","-86.815"
"07/15/2023","AQS","010730023","1","12.5","ppb","11","North Birmingham","24","100.0000","42602","Nitrogen dioxide (NO2)","200","13820","Birmingham-Hoover, AL","01","Alabama","073","Jefferson","33.5530560008695","-86.815"
"07/16/2023","AQS","010730023","1","19.8","ppb","18","North Birmingham","24","100.0000","42602","Nitrogen dioxide (NO2)","200","13820","Birmingham-Hoover, AL","01","Alabama","073","Jefferson","33.5530560008695","-86.815"
"07/17/2023","AQS","010730023","1","30.5","ppb","28","North Birmingham","24","100.0000","42602","Nitrogen dioxide (NO2)","200","13820","Birmingham-Hoover, AL","01","Alabama","073","Jefferson","33.5530560008695","-86.815"
"07/18/2023","AQS","010730023","1","23.5","ppb","22","North Birmingham","24","100.0000","42602","Nitrogen dioxide (NO2)","200","13820","Birmingham-Hoover, AL","01","Alabama","073","Jefferson","33.5530560008695","-86.815"
"07/19/2023","AQS","010730023","1","15.2","ppb","14","North Birmingham","24","100.0000","42602","Nitrogen dioxide (NO2)","200","13820","Birmingham-Hoover, AL","01","Alabama","073","Jefferson","33.5530560008695","-86.815"
"07/20/2023","AQS","010730023","1","11.8","ppb","10","North Birmingham","19","79.0000","42602","Nitrogen dioxide (NO2)","200","13820","Birmingham-Hoover, AL","01","Alabama","073","Jefferson","33.5530560008695","-86.815"
"07/21/2023","AQS","010730023","1","16","ppb","15","North Birmingham","23","96.0000","42602","Nitrogen dioxide (NO2)","200","13820","Birmingham-Hoover, AL","01","Alabama","073","Jefferson","33.5530560008695","-86.815"
"07/22/2023","AQS","010730023","1","12","ppb","11","North Birmingham","24","100.0000","42602","Nitrogen dioxide (NO2)","200","13820","Birmingham-Hoover, AL","01","Alabama","073","Jefferson","33.5530560008695","-86.815"
"07/23/2023","AQS","010730023","1","9.3","ppb","8","North Birmingham","24","100.0000","42602","Nitrogen dioxide (NO2)","200","13820","Birmingham-Hoover, AL","01","Alabama","073","Jefferson","33.5530560008695","-86.815"
"07/24/2023","AQS","010730023","1","25.9","ppb","24","North Birmingham","24","100.0000","42602","Nitrogen dioxide (NO2)","200","13820","Birmingham-Hoover, AL","01","Alabama","073","Jefferson","33.5530560008695","-86.815"
"07/25/2023","AQS","010730023","1","23.5","ppb","22","North Birmingham","24","100.0000","42602","Nitrogen dioxide (NO2)","200","13820","Birmingham-Hoover, AL","01","Alabama","073","Jefferson","33.5530560008695","-86.815"
"07/26/2023","AQS","010730023","1","25.1","ppb","24","North Birmingham","23","96.0000","42602","Nitrogen dioxide (NO2)","200","13820","Birmingham-Hoover, AL","01","Alabama","073","Jefferson","33.5530560008695","-86.815"
"07/27/2023","AQS","010730023","1","29.2","ppb","27","North Birmingham","24","100.0000","42602","Nitrogen dioxide (NO2)","200","13820","Birmingham-Hoover, AL","01","Alabama","073","Jefferson","33.5530560008695","-86.815"
"07/28/2023","AQS","010730023","1","31.8","ppb","29","North Birmingham","24","100.0000","42602","Nitrogen dioxide (NO2)","200","13820","Birmingham-Hoover, AL","01","Alabama","073","Jefferson","33.5530560008695","-86.815"
"07/29/2023","AQS","010730023","1","23.8","ppb","22","North Birmingham","24","100.0000","42602","Nitrogen dioxide (NO2)","200","13820","Birmingham-Hoover, AL","01","Alabama","073","Jefferson","33.5530560008695","-86.815"
"07/30/2023","AQS","010730023","1","18.7","ppb","17","North Birmingham","24","100.0000","42602","Nitrogen dioxide (NO2)","200","13820","Birmingham-Hoover, AL","01","Alabama","073","Jefferson","33.5530560008695","-86.815"
"07/31/2023","AQS","010730023","1","24.4","ppb","23","North Birmingham","24","100.0000","42602","Nitrogen dioxide (NO2)","200","13820","Birmingham-Hoover, AL","01","Alabama","073","Jefferson","33.5530560008695","-86.815"
"08/01/2023","AQS","010730023","1","23.7","ppb","22","North Birmingham","24","100.0000","42602","Nitrogen dioxide (NO2)","200","13820","Birmingham-Hoover, AL","01","Alabama","073","Jefferson","33.5530560008695","-86.815"
"08/02/2023","AQS","010730023","1","21.5","ppb","20","North Birmingham","18","75.0000","42602","Nitrogen dioxide (NO2)","200","13820","Birmingham-Hoover, AL","01","Alabama","073","Jefferson","33.5530560008695","-86.815"
"08/03/2023","AQS","010730023","1","24.9","ppb","23","North Birmingham","24","100.0000","42602","Nitrogen dioxide (NO2)","200","13820","Birmingham-Hoover, AL","01","Alabama","073","Jefferson","33.5530560008695","-86.815"
"08/04/2023","AQS","010730023","1","17.5","ppb","16","North Birmingham","24","100.0000","42602","Nitrogen dioxide (NO2)","200","13820","Birmingham-Hoover, AL","01","Alabama","073","Jefferson","33.5530560008695","-86.815"
"08/05/2023","AQS","010730023","1","14.1","ppb","13","North Birmingham","24","100.0000","42602","Nitrogen dioxide (NO2)","200","13820","Birmingham-Hoover, AL","01","Alabama","073","Jefferson","33.5530560008695","-86.815"
"08/06/2023","AQS","010730023","1","15.4","ppb","14","North Birmingham","24","100.0000","42602","Nitrogen dioxide (NO2)","200","13820","Birmingham-Hoover, AL","01","Alabama","073","Jefferson","33.5530560008695","-86.815"
"08/07/2023","AQS","010730023","1","25.3","ppb","24","North Birmingham","24","100.0000","42602","Nitrogen dioxide (NO2)","200","13820","Birmingham-Hoover, AL","01","Alabama","073","Jefferson","33.5530560008695","-86.815"
"08/08/2023","AQS","010730023","1","18.4","ppb","17","North Birmingham","24","100.0000","42602","Nitrogen dioxide (NO2)","200","13820","Birmingham-Hoover, AL","01","Alabama","073","Jefferson","33.5530560008695","-86.815"
"08/09/2023","AQS","010730023","1","10.3","ppb","9","North Birmingham","22","92.0000","42602","Nitrogen dioxide (NO2)","200","13820","Birmingham-Hoover, AL","01","Alabama","073","Jefferson","33.5530560008695","-86.815"
"08/10/2023","AQS","010730023","1","17","ppb","16","North Birmingham","24","100.0000","42602","Nitrogen dioxide (NO2)","200","13820","Birmingham-Hoover, AL","01","Alabama","073","Jefferson","33.5530560008695","-86.815"
"08/11/2023","AQS","010730023","1","22","ppb","21","North Birmingham","24","100.0000","42602","Nitrogen dioxide (NO2)","200","13820","Birmingham-Hoover, AL","01","Alabama","073","Jefferson","33.5530560008695","-86.815"
"08/12/2023","AQS","010730023","1","20.7","ppb","19","North Birmingham","24","100.0000","42602","Nitrogen dioxide (NO2)","200","13820","Birmingham-Hoover, AL","01","Alabama","073","Jefferson","33.5530560008695","-86.815"
"08/13/2023","AQS","010730023","1","14.1","ppb","13","North Birmingham","24","100.0000","42602","Nitrogen dioxide (NO2)","200","13820","Birmingham-Hoover, AL","01","Alabama","073","Jefferson","33.5530560008695","-86.815"
"08/14/2023","AQS","010730023","1","16.9","ppb","15","North Birmingham","24","100.0000","42602","Nitrogen dioxide (NO2)","200","13820","Birmingham-Hoover, AL","01","Alabama","073","Jefferson","33.5530560008695","-86.815"
"08/15/2023","AQS","010730023","1","8.6","ppb","8","North Birmingham","24","100.0000","42602","Nitrogen dioxide (NO2)","200","13820","Birmingham-Hoover, AL","01","Alabama","073","Jefferson","33.5530560008695","-86.815"
"08/16/2023","AQS","010730023","1","16.4","ppb","15","North Birmingham","24","100.0000","42602","Nitrogen dioxide (NO2)","200","13820","Birmingham-Hoover, AL","01","Alabama","073","Jefferson","33.5530560008695","-86.815"
"08/17/2023","AQS","010730023","1","19.1","ppb","18","North Birmingham","24","100.0000","42602","Nitrogen dioxide (NO2)","200","13820","Birmingham-Hoover, AL","01","Alabama","073","Jefferson","33.5530560008695","-86.815"
"08/18/2023","AQS","010730023","1","21.5","ppb","20","North Birmingham","18","75.0000","42602","Nitrogen dioxide (NO2)","200","13820","Birmingham-Hoover, AL","01","Alabama","073","Jefferson","33.5530560008695","-86.815"
"08/19/2023","AQS","010730023","1","21.3","ppb","20","North Birmingham","24","100.0000","42602","Nitrogen dioxide (NO2)","200","13820","Birmingham-Hoover, AL","01","Alabama","073","Jefferson","33.5530560008695","-86.815"
"08/20/2023","AQS","010730023","1","21.4","ppb","20","North Birmingham","24","100.0000","42602","Nitrogen dioxide (NO2)","200","13820","Birmingham-Hoover, AL","01","Alabama","073","Jefferson","33.5530560008695","-86.815"
"08/21/2023","AQS","010730023","1","23.5","ppb","22","North Birmingham","24","100.0000","42602","Nitrogen dioxide (NO2)","200","13820","Birmingham-Hoover, AL","01","Alabama","073","Jefferson","33.5530560008695","-86.815"
"08/22/2023","AQS","010730023","1","24.2","ppb","23","North Birmingham","24","100.0000","42602","Nitrogen dioxide (NO2)","200","13820","Birmingham-Hoover, AL","01","Alabama","073","Jefferson","33.5530560008695","-86.815"
"08/23/2023","AQS","010730023","1","24.9","ppb","23","North Birmingham","22","92.0000","42602","Nitrogen dioxide (NO2)","200","13820","Birmingham-Hoover, AL","01","Alabama","073","Jefferson","33.5530560008695","-86.815"
"08/24/2023","AQS","010730023","1","26.6","ppb","25","North Birmingham","24","100.0000","42602","Nitrogen dioxide (NO2)","200","13820","Birmingham-Hoover, AL","01","Alabama","073","Jefferson","33.5530560008695","-86.815"
"08/25/2023","AQS","010730023","1","27.6","ppb","25","North Birmingham","24","100.0000","42602","Nitrogen dioxide (NO2)","200","13820","Birmingham-Hoover, AL","01","Alabama","073","Jefferson","33.5530560008695","-86.815"
"08/26/2023","AQS","010730023","1","19.9","ppb","18","North Birmingham","24","100.0000","42602","Nitrogen dioxide (NO2)","200","13820","Birmingham-Hoover, AL","01","Alabama","073","Jefferson","33.5530560008695","-86.815"
"08/27/2023","AQS","010730023","1","18.1","ppb","17","North Birmingham","24","100.0000","42602","Nitrogen dioxide (NO2)","200","13820","Birmingham-Hoover, AL","01","Alabama","073","Jefferson","33.5530560008695","-86.815"
"08/28/2023","AQS","010730023","1","18.1","ppb","17","North Birmingham","24","100.0000","42602","Nitrogen dioxide (NO2)","200","13820","Birmingham-Hoover, AL","01","Alabama","073","Jefferson","33.5530560008695","-86.815"
"08/29/2023","AQS","010730023","1","16","ppb","15","North Birmingham","24","100.0000","42602","Nitrogen dioxide (NO2)","200","13820","Birmingham-Hoover, AL","01","Alabama","073","Jefferson","33.5530560008695","-86.815"
"08/30/2023","AQS","010730023","1","14.3","ppb","13","North Birmingham","24","100.0000","42602","Nitrogen dioxide (NO2)","200","13820","Birmingham-Hoover, AL","01","Alabama","073","Jefferson","33.5530560008695","-86.815"
"08/31/2023","AQS","010730023","1","15.3","ppb","14","North Birmingham","19","79.0000","42602","Nitrogen dioxide (NO2)","200","13820","Birmingham-Hoover, AL","01","Alabama","073","Jefferson","33.5530560008695","-86.815"
"09/01/2023","AQS","010730023","1","11.8","ppb","10","North Birmingham","24","100.0000","42602","Nitrogen dioxide (NO2)","200","13820","Birmingham-Hoover, AL","01","Alabama","073","Jefferson","33.5530560008695","-86.815"
"09/02/2023","AQS","010730023","1","19","ppb","18","North Birmingham","24","100.0000","42602","Nitrogen dioxide (NO2)","200","13820","Birmingham-Hoover, AL","01","Alabama","073","Jefferson","33.5530560008695","-86.815"
"09/03/2023","AQS","010730023","1","27.9","ppb","25","North Birmingham","24","100.0000","42602","Nitrogen dioxide (NO2)","200","13820","Birmingham-Hoover, AL","01","Alabama","073","Jefferson","33.5530560008695","-86.815"
"09/04/2023","AQS","010730023","1","21.8","ppb","20","North Birmingham","24","100.0000","42602","Nitrogen dioxide (NO2)","200","13820","Birmingham-Hoover, AL","01","Alabama","073","Jefferson","33.5530560008695","-86.815"
"09/05/2023","AQS","010730023","1","27.7","ppb","25","North Birmingham","24","100.0000","42602","Nitrogen dioxide (NO2)","200","13820","Birmingham-Hoover, AL","01","Alabama","073","Jefferson","33.5530560008695","-86.815"
"09/06/2023","AQS","010730023","1","23","ppb","22","North Birmingham","24","100.0000","42602","Nitrogen dioxide (NO2)","200","13820","Birmingham-Hoover, AL","01","Alabama","073","Jefferson","33.5530560008695","-86.815"
"09/07/2023","AQS","010730023","1","23.6","ppb","22","North Birmingham","22","92.0000","42602","Nitrogen dioxide (NO2)","200","13820","Birmingham-Hoover, AL","01","Alabama","073","Jefferson","33.5530560008695","-86.815"
"09/08/2023","AQS","010730023","1","19.1","ppb","18","North Birmingham","24","100.0000","42602","Nitrogen dioxide (NO2)","200","13820","Birmingham-Hoover, AL","01","Alabama","073","Jefferson","33.5530560008695","-86.815"
"09/09/2023","AQS","010730023","1","11.6","ppb","10","North Birmingham","24","100.0000","42602","Nitrogen dioxide (NO2)","200","13820","Birmingham-Hoover, AL","01","Alabama","073","Jefferson","33.5530560008695","-86.815"
"09/10/2023","AQS","010730023","1","5.7","ppb","5","North Birmingham","24","100.0000","42602","Nitrogen dioxide (NO2)","200","13820","Birmingham-Hoover, AL","01","Alabama","073","Jefferson","33.5530560008695","-86.815"
"09/11/2023","AQS","010730023","1","31.4","ppb","29","North Birmingham","24","100.0000","42602","Nitrogen dioxide (NO2)","200","13820","Birmingham-Hoover, AL","01","Alabama","073","Jefferson","33.5530560008695","-86.815"
"09/12/2023","AQS","010730023","1","23.1","ppb","22","North Birmingham","24","100.0000","42602","Nitrogen dioxide (NO2)","200","13820","Birmingham-Hoover, AL","01","Alabama","073","Jefferson","33.5530560008695","-86.815"
"09/13/2023","AQS","010730023","1","9.2","ppb","8","North Birmingham","24","100.0000","42602","Nitrogen dioxide (NO2)","200","13820","Birmingham-Hoover, AL","01","Alabama","073","Jefferson","33.5530560008695","-86.815"
"09/14/2023","AQS","010730023","1","12","ppb","11","North Birmingham","24","100.0000","42602","Nitrogen dioxide (NO2)","200","13820","Birmingham-Hoover, AL","01","Alabama","073","Jefferson","33.5530560008695","-86.815"
"09/15/2023","AQS","010730023","1","16.5","ppb","15","North Birmingham","24","100.0000","42602","Nitrogen dioxide (NO2)","200","13820","Birmingham-Hoover, AL","01","Alabama","073","Jefferson","33.5530560008695","-86.815"
"09/16/2023","AQS","010730023","1","10.6","ppb","9","North Birmingham","24","100.0000","42602","Nitrogen dioxide (NO2)","200","13820","Birmingham-Hoover, AL","01","Alabama","073","Jefferson","33.5530560008695","-86.815"
"09/17/2023","AQS","010730023","1","16.3","ppb","15","North Birmingham","24","100.0000","42602","Nitrogen dioxide (NO2)","200","13820","Birmingham-Hoover, AL","01","Alabama","073","Jefferson","33.5530560008695","-86.815"
"09/18/2023","AQS","010730023","1","34","ppb","32","North Birmingham","24","100.0000","42602","Nitrogen dioxide (NO2)","200","13820","Birmingham-Hoover, AL","01","Alabama","073","Jefferson","33.5530560008695","-86.815"
"09/19/2023","AQS","010730023","1","34.4","ppb","32","North Birmingham","24","100.0000","42602","Nitrogen dioxide (NO2)","200","13820","Birmingham-Hoover, AL","01","Alabama","073","Jefferson","33.5530560008695","-86.815"
"09/20/2023","AQS","010730023","1","25.3","ppb","24","North Birmingham","22","92.0000","42602","Nitrogen dioxide (NO2)","200","13820","Birmingham-Hoover, AL","01","Alabama","073","Jefferson","33.5530560008695","-86.815"
"09/21/2023","AQS","010730023","1","23.7","ppb","22","North Birmingham","24","100.0000","42602","Nitrogen dioxide (NO2)","200","13820","Birmingham-Hoover, AL","01","Alabama","073","Jefferson","33.5530560008695","-86.815"
"09/22/2023","AQS","010730023","1","29.2","ppb","27","North Birmingham","24","100.0000","42602","Nitrogen dioxide (NO2)","200","13820","Birmingham-Hoover, AL","01","Alabama","073","Jefferson","33.5530560008695","-86.815"
"09/23/2023","AQS","010730023","1","24.2","ppb","23","North Birmingham","24","100.0000","42602","Nitrogen dioxide (NO2)","200","13820","Birmingham-Hoover, AL","01","Alabama","073","Jefferson","33.5530560008695","-86.815"
"09/24/2023","AQS","010730023","1","28.8","ppb","26","North Birmingham","24","100.0000","42602","Nitrogen dioxide (NO2)","200","13820","Birmingham-Hoover, AL","01","Alabama","073","Jefferson","33.5530560008695","-86.815"
"09/25/2023","AQS","010730023","1","32.1","ppb","30","North Birmingham","24","100.0000","42602","Nitrogen dioxide (NO2)","200","13820","Birmingham-Hoover, AL","01","Alabama","073","Jefferson","33.5530560008695","-86.815"
"09/26/2023","AQS","010730023","1","29.9","ppb","27","North Birmingham","24","100.0000","42602","Nitrogen dioxide (NO2)","200","13820","Birmingham-Hoover, AL","01","Alabama","073","Jefferson","33.5530560008695","-86.815"
"09/27/2023","AQS","010730023","1","15.6","ppb","14","North Birmingham","24","100.0000","42602","Nitrogen dioxide (NO2)","200","13820","Birmingham-Hoover, AL","01","Alabama","073","Jefferson","33.5530560008695","-86.815"
"09/28/2023","AQS","010730023","1","32.3","ppb","30","North Birmingham","19","79.0000","42602","Nitrogen dioxide (NO2)","200","13820","Birmingham-Hoover, AL","01","Alabama","073","Jefferson","33.5530560008695","-86.815"
"09/29/2023","AQS","010730023","1","23.7","ppb","22","North Birmingham","24","100.0000","42602","Nitrogen dioxide (NO2)","200","13820","Birmingham-Hoover, AL","01","Alabama","073","Jefferson","33.5530560008695","-86.815"
"09/30/2023","AQS","010730023","1","30.3","ppb","28","North Birmingham","24","100.0000","42602","Nitrogen dioxide (NO2)","200","13820","Birmingham-Hoover, AL","01","Alabama","073","Jefferson","33.5530560008695","-86.815"
"10/01/2023","AQS","010730023","1","26.3","ppb","25","North Birmingham","24","100.0000","42602","Nitrogen dioxide (NO2)","200","13820","Birmingham-Hoover, AL","01","Alabama","073","Jefferson","33.5530560008695","-86.815"
"10/02/2023","AQS","010730023","1","29.3","ppb","27","North Birmingham","24","100.0000","42602","Nitrogen dioxide (NO2)","200","13820","Birmingham-Hoover, AL","01","Alabama","073","Jefferson","33.5530560008695","-86.815"
"10/03/2023","AQS","010730023","1","31","ppb","29","North Birmingham","24","100.0000","42602","Nitrogen dioxide (NO2)","200","13820","Birmingham-Hoover, AL","01","Alabama","073","Jefferson","33.5530560008695","-86.815"
"10/04/2023","AQS","010730023","1","33.1","ppb","31","North Birmingham","24","100.0000","42602","Nitrogen dioxide (NO2)","200","13820","Birmingham-Hoover, AL","01","Alabama","073","Jefferson","33.5530560008695","-86.815"
"10/05/2023","AQS","010730023","1","18.2","ppb","17","North Birmingham","23","96.0000","42602","Nitrogen dioxide (NO2)","200","13820","Birmingham-Hoover, AL","01","Alabama","073","Jefferson","33.5530560008695","-86.815"
"10/06/2023","AQS","010730023","1","26.7","ppb","25","North Birmingham","24","100.0000","42602","Nitrogen dioxide (NO2)","200","13820","Birmingham-Hoover, AL","01","Alabama","073","Jefferson","33.5530560008695","-86.815"
"10/07/2023","AQS","010730023","1","8.7","ppb","8","North Birmingham","24","100.0000","42602","Nitrogen dioxide (NO2)","200","13820","Birmingham-Hoover, AL","01","Alabama","073","Jefferson","33.5530560008695","-86.815"
"10/08/2023","AQS","010730023","1","27.3","ppb","25","North Birmingham","24","100.0000","42602","Nitrogen dioxide (NO2)","200","13820","Birmingham-Hoover, AL","01","Alabama","073","Jefferson","33.5530560008695","-86.815"
"10/09/2023","AQS","010730023","1","22.4","ppb","21","North Birmingham","24","100.0000","42602","Nitrogen dioxide (NO2)","200","13820","Birmingham-Hoover, AL","01","Alabama","073","Jefferson","33.5530560008695","-86.815"
"10/10/2023","AQS","010730023","1","31.8","ppb","29","North Birmingham","24","100.0000","42602","Nitrogen dioxide (NO2)","200","13820","Birmingham-Hoover, AL","01","Alabama","073","Jefferson","33.5530560008695","-86.815"
"10/11/2023","AQS","010730023","1","45.4","ppb","42","North Birmingham","24","100.0000","42602","Nitrogen dioxide (NO2)","200","13820","Birmingham-Hoover, AL","01","Alabama","073","Jefferson","33.5530560008695","-86.815"
"10/12/2023","AQS","010730023","1","19.8","ppb","18","North Birmingham","19","79.0000","42602","Nitrogen dioxide (NO2)","200","13820","Birmingham-Hoover, AL","01","Alabama","073","Jefferson","33.5530560008695","-86.815"
"10/13/2023","AQS","010730023","1","14.1","ppb","13","North Birmingham","24","100.0000","42602","Nitrogen dioxide (NO2)","200","13820","Birmingham-Hoover, AL","01","Alabama","073","Jefferson","33.5530560008695","-86.815"
"10/14/2023","AQS","010730023","1","10.4","ppb","9","North Birmingham","24","100.0000","42602","Nitrogen dioxide (NO2)","200","13820","Birmingham-Hoover, AL","01","Alabama","073","Jefferson","33.5530560008695","-86.815"
"10/15/2023","AQS","010730023","1","5.4","ppb","5","North Birmingham","24","100.0000","42602","Nitrogen dioxide (NO2)","200","13820","Birmingham-Hoover, AL","01","Alabama","073","Jefferson","33.5530560008695","-86.815"
"10/16/2023","AQS","010730023","1","11.6","ppb","10","North Birmingham","24","100.0000","42602","Nitrogen dioxide (NO2)","200","13820","Birmingham-Hoover, AL","01","Alabama","073","Jefferson","33.5530560008695","-86.815"
"10/17/2023","AQS","010730023","1","21.3","ppb","20","North Birmingham","24","100.0000","42602","Nitrogen dioxide (NO2)","200","13820","Birmingham-Hoover, AL","01","Alabama","073","Jefferson","33.5530560008695","-86.815"
"10/18/2023","AQS","010730023","1","27.9","ppb","25","North Birmingham","22","92.0000","42602","Nitrogen dioxide (NO2)","200","13820","Birmingham-Hoover, AL","01","Alabama","073","Jefferson","33.5530560008695","-86.815"
"10/19/2023","AQS","010730023","1","29.1","ppb","27","North Birmingham","24","100.0000","42602","Nitrogen dioxide (NO2)","200","13820","Birmingham-Hoover, AL","01","Alabama","073","Jefferson","33.5530560008695","-86.815"
"10/20/2023","AQS","010730023","1","22.4","ppb","21","North Birmingham","24","100.0000","42602","Nitrogen dioxide (NO2)","200","13820","Birmingham-Hoover, AL","01","Alabama","073","Jefferson","33.5530560008695","-86.815"
"10/21/2023","AQS","010730023","1","36.7","ppb","34","North Birmingham","24","100.0000","42602","Nitrogen dioxide (NO2)","200","13820","Birmingham-Hoover, AL","01","Alabama","073","Jefferson","33.5530560008695","-86.815"
"10/22/2023","AQS","010730023","1","29.6","ppb","27","North Birmingham","24","100.0000","42602","Nitrogen dioxide (NO2)","200","13820","Birmingham-Hoover, AL","01","Alabama","073","Jefferson","33.5530560008695","-86.815"
"10/23/2023","AQS","010730023","1","40.9","ppb","38","North Birmingham","24","100.0000","42602","Nitrogen dioxide (NO2)","200","13820","Birmingham-Hoover, AL","01","Alabama","073","Jefferson","33.5530560008695","-86.815"
"10/24/2023","AQS","010730023","1","12.2","ppb","11","North Birmingham","24","100.0000","42602","Nitrogen dioxide (NO2)","200","13820","Birmingham-Hoover, AL","01","Alabama","073","Jefferson","33.5530560008695","-86.815"
"10/25/2023","AQS","010730023","1","33.1","ppb","31","North Birmingham","24","100.0000","42602","Nitrogen dioxide (NO2)","200","13820","Birmingham-Hoover, AL","01","Alabama","073","Jefferson","33.5530560008695","-86.815"
"10/26/2023","AQS","010730023","1","16.5","ppb","15","North Birmingham","22","92.0000","42602","Nitrogen dioxide (NO2)","200","13820","Birmingham-Hoover, AL","01","Alabama","073","Jefferson","33.5530560008695","-86.815"
"10/27/2023","AQS","010730023","1","18","ppb","17","North Birmingham","18","75.0000","42602","Nitrogen dioxide (NO2)","200","13820","Birmingham-Hoover, AL","01","Alabama","073","Jefferson","33.5530560008695","-86.815"
"10/28/2023","AQS","010730023","1","22.6","ppb","21","North Birmingham","24","100.0000","42602","Nitrogen dioxide (NO2)","200","13820","Birmingham-Hoover, AL","01","Alabama","073","Jefferson","33.5530560008695","-86.815"
"10/29/2023","AQS","010730023","1","27.8","ppb","25","North Birmingham","24","100.0000","42602","Nitrogen dioxide (NO2)","200","13820","Birmingham-Hoover, AL","01","Alabama","073","Jefferson","33.5530560008695","-86.815"
"10/30/2023","AQS","010730023","1","20.1","ppb","19","North Birmingham","24","100.0000","42602","Nitrogen dioxide (NO2)","200","13820","Birmingham-Hoover, AL","01","Alabama","073","Jefferson","33.5530560008695","-86.815"
"10/31/2023","AQS","010730023","1","7.5","ppb","7","North Birmingham","24","100.0000","42602","Nitrogen dioxide (NO2)","200","13820","Birmingham-Hoover, AL","01","Alabama","073","Jefferson","33.5530560008695","-86.815"
"11/01/2023","AQS","010730023","1","29.1","ppb","27","North Birmingham","22","92.0000","42602","Nitrogen dioxide (NO2)","200","13820","Birmingham-Hoover, AL","01","Alabama","073","Jefferson","33.5530560008695","-86.815"
"11/02/2023","AQS","010730023","1","35.1","ppb","33","North Birmingham","24","100.0000","42602","Nitrogen dioxide (NO2)","200","13820","Birmingham-Hoover, AL","01","Alabama","073","Jefferson","33.5530560008695","-86.815"
"11/03/2023","AQS","010730023","1","32.9","ppb","30","North Birmingham","24","100.0000","42602","Nitrogen dioxide (NO2)","200","13820","Birmingham-Hoover, AL","01","Alabama","073","Jefferson","33.5530560008695","-86.815"
"11/04/2023","AQS","010730023","1","30.3","ppb","28","North Birmingham","24","100.0000","42602","Nitrogen dioxide (NO2)","200","13820","Birmingham-Hoover, AL","01","Alabama","073","Jefferson","33.5530560008695","-86.815"
"11/05/2023","AQS","010730023","1","33","ppb","31","North Birmingham","24","100.0000","42602","Nitrogen dioxide (NO2)","200","13820","Birmingham-Hoover, AL","01","Alabama","073","Jefferson","33.5530560008695","-86.815"
"11/06/2023","AQS","010730023","1","45.8","ppb","42","North Birmingham","24","100.0000","42602","Nitrogen dioxide (NO2)","200","13820","Birmingham-Hoover, AL","01","Alabama","073","Jefferson","33.5530560008695","-86.815"
"11/07/2023","AQS","010730023","1","40.9","ppb","38","North Birmingham","24","100.0000","42602","Nitrogen dioxide (NO2)","200","13820","Birmingham-Hoover, AL","01","Alabama","073","Jefferson","33.5530560008695","-86.815"
"11/08/2023","AQS","010730023","1","28.9","ppb","26","North Birmingham","24","100.0000","42602","Nitrogen dioxide (NO2)","200","13820","Birmingham-Hoover, AL","01","Alabama","073","Jefferson","33.5530560008695","-86.815"
"11/09/2023","AQS","010730023","1","35.4","ppb","33","North Birmingham","19","79.0000","42602","Nitrogen dioxide (NO2)","200","13820","Birmingham-Hoover, AL","01","Alabama","073","Jefferson","33.5530560008695","-86.815"
"11/10/2023","AQS","010730023","1","28.5","ppb","26","North Birmingham","24","100.0000","42602","Nitrogen dioxide (NO2)","200","13820","Birmingham-Hoover, AL","01","Alabama","073","Jefferson","33.5530560008695","-86.815"
"11/11/2023","AQS","010730023","1","5.6","ppb","5","North Birmingham","24","100.0000","42602","Nitrogen dioxide (NO2)","200","13820","Birmingham-Hoover, AL","01","Alabama","073","Jefferson","33.5530560008695","-86.815"
"11/12/2023","AQS","010730023","1","15.3","ppb","14","North Birmingham","24","100.0000","42602","Nitrogen dioxide (NO2)","200","13820","Birmingham-Hoover, AL","01","Alabama","073","Jefferson","33.5530560008695","-86.815"
"11/13/2023","AQS","010730023","1","29.1","ppb","27","North Birmingham","18","75.0000","42602","Nitrogen dioxide (NO2)","200","13820","Birmingham-Hoover, AL","01","Alabama","073","Jefferson","33.5530560008695","-86.815"
"11/14/2023","AQS","010730023","1","24.9","ppb","23","North Birmingham","24","100.0000","42602","Nitrogen dioxide (NO2)","200","13820","Birmingham-Hoover, AL","01","Alabama","073","Jefferson","33.5530560008695","-86.815"
"11/15/2023","AQS","010730023","1","10.4","ppb","9","North Birmingham","24","100.0000","42602","Nitrogen dioxide (NO2)","200","13820","Birmingham-Hoover, AL","01","Alabama","073","Jefferson","33.5530560008695","-86.815"
"11/16/2023","AQS","010730023","1","19.9","ppb","18","North Birmingham","24","100.0000","42602","Nitrogen dioxide (NO2)","200","13820","Birmingham-Hoover, AL","01","Alabama","073","Jefferson","33.5530560008695","-86.815"
"11/17/2023","AQS","010730023","1","17.8","ppb","16","North Birmingham","24","100.0000","42602","Nitrogen dioxide (NO2)","200","13820","Birmingham-Hoover, AL","01","Alabama","073","Jefferson","33.5530560008695","-86.815"
"11/18/2023","AQS","010730023","1","16.2","ppb","15","North Birmingham","24","100.0000","42602","Nitrogen dioxide (NO2)","200","13820","Birmingham-Hoover, AL","01","Alabama","073","Jefferson","33.5530560008695","-86.815"
"11/19/2023","AQS","010730023","1","30.1","ppb","28","North Birmingham","24","100.0000","42602","Nitrogen dioxide (NO2)","200","13820","Birmingham-Hoover, AL","01","Alabama","073","Jefferson","33.5530560008695","-86.815"
"11/20/2023","AQS","010730023","1","23.5","ppb","22","North Birmingham","24","100.0000","42602","Nitrogen dioxide (NO2)","200","13820","Birmingham-Hoover, AL","01","Alabama","073","Jefferson","33.5530560008695","-86.815"
"11/21/2023","AQS","010730023","1","11.4","ppb","10","North Birmingham","24","100.0000","42602","Nitrogen dioxide (NO2)","200","13820","Birmingham-Hoover, AL","01","Alabama","073","Jefferson","33.5530560008695","-86.815"
"11/22/2023","AQS","010730023","1","10.3","ppb","9","North Birmingham","18","75.0000","42602","Nitrogen dioxide (NO2)","200","13820","Birmingham-Hoover, AL","01","Alabama","073","Jefferson","33.5530560008695","-86.815"
"11/23/2023","AQS","010730023","1","22.3","ppb","21","North Birmingham","24","100.0000","42602","Nitrogen dioxide (NO2)","200","13820","Birmingham-Hoover, AL","01","Alabama","073","Jefferson","33.5530560008695","-86.815"
"11/24/2023","AQS","010730023","1","30.3","ppb","28","North Birmingham","24","100.0000","42602","Nitrogen dioxide (NO2)","200","13820","Birmingham-Hoover, AL","01","Alabama","073","Jefferson","33.5530560008695","-86.815"
"11/25/2023","AQS","010730023","1","29.5","ppb","27","North Birmingham","24","100.0000","42602","Nitrogen dioxide (NO2)","200","13820","Birmingham-Hoover, AL","01","Alabama","073","Jefferson","33.5530560008695","-86.815"
"11/26/2023","AQS","010730023","1","8.6","ppb","8","North Birmingham","24","100.0000","42602","Nitrogen dioxide (NO2)","200","13820","Birmingham-Hoover, AL","01","Alabama","073","Jefferson","33.5530560008695","-86.815"
"11/27/2023","AQS","010730023","1","21.8","ppb","20","North Birmingham","24","100.0000","42602","Nitrogen dioxide (NO2)","200","13820","Birmingham-Hoover, AL","01","Alabama","073","Jefferson","33.5530560008695","-86.815"
"11/28/2023","AQS","010730023","1","30.5","ppb","28","North Birmingham","24","100.0000","42602","Nitrogen dioxide (NO2)","200","13820","Birmingham-Hoover, AL","01","Alabama","073","Jefferson","33.5530560008695","-86.815"
"11/29/2023","AQS","010730023","1","46","ppb","43","North Birmingham","22","92.0000","42602","Nitrogen dioxide (NO2)","200","13820","Birmingham-Hoover, AL","01","Alabama","073","Jefferson","33.5530560008695","-86.815"
"11/30/2023","AQS","010730023","1","37.9","ppb","35","North Birmingham","24","100.0000","42602","Nitrogen dioxide (NO2)","200","13820","Birmingham-Hoover, AL","01","Alabama","073","Jefferson","33.5530560008695","-86.815"
"12/01/2023","AQS","010730023","1","23.4","ppb","22","North Birmingham","24","100.0000","42602","Nitrogen dioxide (NO2)","200","13820","Birmingham-Hoover, AL","01","Alabama","073","Jefferson","33.5530560008695","-86.815"
"12/02/2023","AQS","010730023","1","9.1","ppb","8","North Birmingham","24","100.0000","42602","Nitrogen dioxide (NO2)","200","13820","Birmingham-Hoover, AL","01","Alabama","073","Jefferson","33.5530560008695","-86.815"
"12/03/2023","AQS","010730023","1","23.4","ppb","22","North Birmingham","24","100.0000","42602","Nitrogen dioxide (NO2)","200","13820","Birmingham-Hoover, AL","01","Alabama","073","Jefferson","33.5530560008695","-86.815"
"12/04/2023","AQS","010730023","1","26.2","ppb","25","North Birmingham","24","100.0000","42602","Nitrogen dioxide (NO2)","200","13820","Birmingham-Hoover, AL","01","Alabama","073","Jefferson","33.5530560008695","-86.815"
"12/05/2023","AQS","010730023","1","25.8","ppb","24","North Birmingham","24","100.0000","42602","Nitrogen dioxide (NO2)","200","13820","Birmingham-Hoover, AL","01","Alabama","073","Jefferson","33.5530560008695","-86.815"
"12/06/2023","AQS","010730023","1","28.7","ppb","26","North Birmingham","22","92.0000","42602","Nitrogen dioxide (NO2)","200","13820","Birmingham-Hoover, AL","01","Alabama","073","Jefferson","33.5530560008695","-86.815"
"12/07/2023","AQS","010730023","1","39.5","ppb","37","North Birmingham","24","100.0000","42602","Nitrogen dioxide (NO2)","200","13820","Birmingham-Hoover, AL","01","Alabama","073","Jefferson","33.5530560008695","-86.815"
"12/09/2023","AQS","010730023","1","8.3","ppb","8","North Birmingham","24","100.0000","42602","Nitrogen dioxide (NO2)","200","13820","Birmingham-Hoover, AL","01","Alabama","073","Jefferson","33.5530560008695","-86.815"
"12/10/2023","AQS","010730023","1","6.4","ppb","6","North Birmingham","24","100.0000","42602","Nitrogen dioxide (NO2)","200","13820","Birmingham-Hoover, AL","01","Alabama","073","Jefferson","33.5530560008695","-86.815"
"12/11/2023","AQS","010730023","1","31.4","ppb","29","North Birmingham","22","92.0000","42602","Nitrogen dioxide (NO2)","200","13820","Birmingham-Hoover, AL","01","Alabama","073","Jefferson","33.5530560008695","-86.815"
"12/12/2023","AQS","010730023","1","32.9","ppb","30","North Birmingham","24","100.0000","42602","Nitrogen dioxide (NO2)","200","13820","Birmingham-Hoover, AL","01","Alabama","073","Jefferson","33.5530560008695","-86.815"
"12/13/2023","AQS","010730023","1","28.5","ppb","26","North Birmingham","21","88.0000","42602","Nitrogen dioxide (NO2)","200","13820","Birmingham-Hoover, AL","01","Alabama","073","Jefferson","33.5530560008695","-86.815"
"12/14/2023","AQS","010730023","1","30.9","ppb","28","North Birmingham","24","100.0000","42602","Nitrogen dioxide (NO2)","200","13820","Birmingham-Hoover, AL","01","Alabama","073","Jefferson","33.5530560008695","-86.815"
"12/15/2023","AQS","010730023","1","35.1","ppb","33","North Birmingham","24","100.0000","42602","Nitrogen dioxide (NO2)","200","13820","Birmingham-Hoover, AL","01","Alabama","073","Jefferson","33.5530560008695","-86.815"
"12/16/2023","AQS","010730023","1","12.8","ppb","11","North Birmingham","24","100.0000","42602","Nitrogen dioxide (NO2)","200","13820","Birmingham-Hoover, AL","01","Alabama","073","Jefferson","33.5530560008695","-86.815"
"12/17/2023","AQS","010730023","1","10.4","ppb","9","North Birmingham","24","100.0000","42602","Nitrogen dioxide (NO2)","200","13820","Birmingham-Hoover, AL","01","Alabama","073","Jefferson","33.5530560008695","-86.815"
"12/18/2023","AQS","010730023","1","12.4","ppb","11","North Birmingham","24","100.0000","42602","Nitrogen dioxide (NO2)","200","13820","Birmingham-Hoover, AL","01","Alabama","073","Jefferson","33.5530560008695","-86.815"
"12/19/2023","AQS","010730023","1","29.1","ppb","27","North Birmingham","24","100.0000","42602","Nitrogen dioxide (NO2)","200","13820","Birmingham-Hoover, AL","01","Alabama","073","Jefferson","33.5530560008695","-86.815"
"12/20/2023","AQS","010730023","1","34.4","ppb","32","North Birmingham","24","100.0000","42602","Nitrogen dioxide (NO2)","200","13820","Birmingham-Hoover, AL","01","Alabama","073","Jefferson","33.5530560008695","-86.815"
"12/21/2023","AQS","010730023","1","32.4","ppb","30","North Birmingham","24","100.0000","42602","Nitrogen dioxide (NO2)","200","13820","Birmingham-Hoover, AL","01","Alabama","073","Jefferson","33.5530560008695","-86.815"
"12/22/2023","AQS","010730023","1","38.7","ppb","36","North Birmingham","19","79.0000","42602","Nitrogen dioxide (NO2)","200","13820","Birmingham-Hoover, AL","01","Alabama","073","Jefferson","33.5530560008695","-86.815"
"12/23/2023","AQS","010730023","1","33.7","ppb","31","North Birmingham","24","100.0000","42602","Nitrogen dioxide (NO2)","200","13820","Birmingham-Hoover, AL","01","Alabama","073","Jefferson","33.5530560008695","-86.815"
"12/24/2023","AQS","010730023","1","17","ppb","16","North Birmingham","24","100.0000","42602","Nitrogen dioxide (NO2)","200","13820","Birmingham-Hoover, AL","01","Alabama","073","Jefferson","33.5530560008695","-86.815"
"12/25/2023","AQS","010730023","1","13.7","ppb","12","North Birmingham","24","100.0000","42602","Nitrogen dioxide (NO2)","200","13820","Birmingham-Hoover, AL","01","Alabama","073","Jefferson","33.5530560008695","-86.815"
"12/26/2023","AQS","010730023","1","21.7","ppb","20","North Birmingham","24","100.0000","42602","Nitrogen dioxide (NO2)","200","13820","Birmingham-Hoover, AL","01","Alabama","073","Jefferson","33.5530560008695","-86.815"
"12/27/2023","AQS","010730023","1","29.5","ppb","27","North Birmingham","24","100.0000","42602","Nitrogen dioxide (NO2)","200","13820","Birmingham-Hoover, AL","01","Alabama","073","Jefferson","33.5530560008695","-86.815"
"12/28/2023","AQS","010730023","1","23","ppb","22","North Birmingham","24","100.0000","42602","Nitrogen dioxide (NO2)","200","13820","Birmingham-Hoover, AL","01","Alabama","073","Jefferson","33.5530560008695","-86.815"
"12/29/2023","AQS","010730023","1","6","ppb","6","North Birmingham","21","88.0000","42602","Nitrogen dioxide (NO2)","200","13820","Birmingham-Hoover, AL","01","Alabama","073","Jefferson","33.5530560008695","-86.815"
"12/30/2023","AQS","010730023","1","17.2","ppb","16","North Birmingham","24","100.0000","42602","Nitrogen dioxide (NO2)","200","13820","Birmingham-Hoover, AL","01","Alabama","073","Jefferson","33.5530560008695","-86.815"
"12/31/2023","AQS","010730023","1","32.9","ppb","30","North Birmingham","24","100.0000","42602","Nitrogen dioxide (NO2)","200","13820","Birmingham-Hoover, AL","01","Alabama","073","Jefferson","33.5530560008695","-86.815"
