"Date","Source","Site ID","POC","Daily Mean PM10 Concentration","Units","Daily AQI Value","Local Site Name","Daily Obs Count","Percent Complete","AQS Parameter Code","AQS Parameter Description","Method Code","CBSA Code","CBSA Name","State FIPS Code","State","County FIPS Code","County","Site Latitude","Site Longitude"
"01/01/2023","AQS","010730023","4","18","ug/m3 SC","17","North Birmingham","1","100.0000","81102","PM10 Total 0-10um STP","239","13820","Birmingham-Hoover, AL","01","Alabama","073","Jefferson","33.5530560008695","-86.815"
"01/02/2023","AQS","010730023","4","17","ug/m3 SC","16","North Birmingham","1","100.0000","81102","PM10 Total 0-10um STP","239","13820","Birmingham-Hoover, AL","01","Alabama","073","Jefferson","33.5530560008695","-86.815"
"01/03/2023","AQS","010730023","4","13","ug/m3 SC","12","North Birmingham","1","100.0000","81102","PM10 Total 0-10um STP","239","13820","Birmingham-Hoover, AL","01","Alabama","073","Jefferson","33.5530560008695","-86.815"
"01/04/2023","AQS","010730023","4","17","ug/m3 SC","16","North Birmingham","1","100.0000","81102","PM10 Total 0-10um STP","239","13820","Birmingham-Hoover, AL","01","Alabama","073","Jefferson","33.5530560008695","-86.815"
"01/05/2023","AQS","010730023","4","14","ug/m3 SC","13","North Birmingham","1","100.0000","81102","PM10 Total 0-10um STP","239","13820","Birmingham-Hoover, AL","01","Alabama","073","Jefferson","33.5530560008695","-86.815"
"01/06/2023","AQS","010730023","4","20","ug/m3 SC","19","North Birmingham","1","100.0000","81102","PM10 Total 0-10um STP","239","13820","Birmingham-Hoover, AL","01","Alabama","073","Jefferson","33.5530560008695","-86.815"
"01/07/2023","AQS","010730023","4","28","ug/m3 SC","26","North Birmingham","1","100.0000","81102","PM10 Total 0-10um STP","239","13820","Birmingham-Hoover, AL","01","Alabama","073","Jefferson","33.5530560008695","-86.815"
"01/08/2023","AQS","010730023","4","13","ug/m3 SC","12","North Birmingham","1","100.0000","81102","PM10 Total 0-10um STP","239","13820","Birmingham-Hoover, AL","01","Alabama","073","Jefferson","33.5530560008695","-86.815"
"01/09/2023","AQS","010730023","4","20","ug/m3 SC","19","North Birmingham","1","100.0000","81102","PM10 Total 0-10um STP","239","13820","Birmingham-Hoover, AL","01","Alabama","073","Jefferson","33.5530560008695","-86.815"
"01/10/2023","AQS","010730023","4","27","ug/m3 SC","25","North Birmingham","1","100.0000","81102","PM10 Total 0-10um STP","239","13820","Birmingham-Hoover, AL","01","Alabama","073","Jefferson","33.5530560008695","-86.815"
"01/11/2023","AQS","010730023","4","22","ug/m3 SC","20","North Birmingham","1","100.0000","81102","PM10 Total 0-10um STP","239","13820","Birmingham-Hoover, AL","01","Alabama","073","Jefferson","33.5530560008695","-86.815"
"01/12/2023","AQS","010730023","4","25","ug/m3 SC","23","North Birmingham","1","100.0000","81102","PM10 Total 0-10um STP","239","13820","Birmingham-Hoover, AL","01","Alabama","073","Jefferson","33.5530560008695","-86.815"
"01/13/2023","AQS","010730023","4","11","ug/m3 SC","10","North Birmingham","1","100.0000","81102","PM10 Total 0-10um STP","239","13820","Birmingham-Hoover, AL","01","Alabama","073","Jefferson","33.5530560008695","-86.815"
"01/14/2023","AQS","010730023","4","14","ug/m3 SC","13","North Birmingham","1","100.0000","81102","PM10 Total 0-10um STP","239","13820","Birmingham-Hoover, AL","01","Alabama","073","Jefferson","33.5530560008695","-86.815"
"01/15/2023","AQS","010730023","4","18","ug/m3 SC","17","North Birmingham","1","100.0000","81102","PM10 Total 0-10um STP","239","13820","Birmingham-Hoover, AL","01","Alabama","073","Jefferson","33.5530560008695","-86.815"
"01/16/2023","AQS","010730023","4","22","ug/m3 SC","20","North Birmingham","1","100.0000","81102","PM10 Total 0-10um STP","239","13820","Birmingham-Hoover, AL","01","Alabama","073","Jefferson","33.5530560008695","-86.815"
"01/17/2023","AQS","010730023","4","20","ug/m3 SC","19","North Birmingham","1","100.0000","81102","PM10 Total 0-10um STP","239","13820","Birmingham-Hoover, AL","01","Alabama","073","Jefferson","33.5530560008695","-86.815"
"01/18/2023","AQS","010730023","4","17","ug/m3 SC","16","North Birmingham","1","100.0000","81102","PM10 Total 0-10um STP","239","13820","Birmingham-Hoover, AL","01","Alabama","073","Jefferson","33.5530560008695","-86.815"
"01/19/2023","AQS","010730023","4","27","ug/m3 SC","25","North Birmingham","1","100.0000","81102","PM10 Total 0-10um STP","239","13820","Birmingham-Hoover, AL","01","Alabama","073","Jefferson","33.5530560008695","-86.815"
"01/20/2023","AQS","010730023","4","10","ug/m3 SC","9","North Birmingham","1","100.0000","81102","PM10 Total 0-10um STP","239","13820","Birmingham-Hoover, AL","01","Alabama","073","Jefferson","33.5530560008695","-86.815"
"01/21/2023","AQS","010730023","4","13","ug/m3 SC","12","North Birmingham","1","100.0000","81102","PM10 Total 0-10um STP","239","13820","Birmingham-Hoover, AL","01","Alabama","073","Jefferson","33.5530560008695","-86.815"
"01/22/2023","AQS","010730023","4","9","ug/m3 SC","8","North Birmingham","1","100.0000","81102","PM10 Total 0-10um STP","239","13820","Birmingham-Hoover, AL","01","Alabama","073","Jefferson","33.5530560008695","-86.815"
"01/23/2023","AQS","010730023","4","17","ug/m3 SC","16","North Birmingham","1","100.0000","81102","PM10 Total 0-10um STP","239","13820","Birmingham-Hoover, AL","01","Alabama","073","Jefferson","33.5530560008695","-86.815"
"01/24/2023","AQS","010730023","4","21","ug/m3 SC","19","North Birmingham","1","100.0000","81102","PM10 Total 0-10um STP","239","13820","Birmingham-Hoover, AL","01","Alabama","073","Jefferson","33.5530560008695","-86.815"
"01/25/2023","AQS","010730023","4","10","ug/m3 SC","9","North Birmingham","1","100.0000","81102","PM10 Total 0-10um STP","239","13820","Birmingham-Hoover, AL","01","Alabama","073","Jefferson","33.5530560008695","-86.815"
"01/26/2023","AQS","010730023","4","12","ug/m3 SC","11","North Birmingham","1","100.0000","81102","PM10 Total 0-10um STP","239","13820","Birmingham-Hoover, AL","01","Alabama","073","Jefferson","33.5530560008695","-86.815"
"01/27/2023","AQS","010730023","4","16","ug/m3 SC","15","North Birmingham","1","100.0000","81102","PM10 Total 0-10um STP","239","13820","Birmingham-Hoover, AL","01","Alabama","073","Jefferson","33.5530560008695","-86.815"
"01/28/2023","AQS","010730023","4","18","ug/m3 SC","17","North Birmingham","1","100.0000","81102","PM10 Total 0-10um STP","239","13820","Birmingham-Hoover, AL","01","Alabama","073","Jefferson","33.5530560008695","-86.815"
"01/29/2023","AQS","010730023","4","19","ug/m3 SC","18","North Birmingham","1","100.0000","81102","PM10 Total 0-10um STP","239","13820","Birmingham-Hoover, AL","01","Alabama","073","Jefferson","33.5530560008695","-86.815"
"01/30/2023","AQS","010730023","4","12","ug/m3 SC","11","North Birmingham","1","100.0000","81102","PM10 Total 0-10um STP","239","13820","Birmingham-Hoover, AL","01","Alabama","073","Jefferson","33.5530560008695","-86.815"
"01/31/2023","AQS","010730023","4","11","ug/m3 SC","10","North Birmingham","1","100.0000","81102","PM10 Total 0-10um STP","239","13820","Birmingham-Hoover, AL","01","Alabama","073","Jefferson","33.5530560008695","-86.815"
"02/01/2023","AQS","010730023","4","12","ug/m3 SC","11","North Birmingham","1","100.0000","81102","PM10 Total 0-10um STP","239","13820","Birmingham-Hoover, AL","01","Alabama","073","Jefferson","33.5530560008695","-86.815"
"02/02/2023","AQS","010730023","4","7","ug/m3 SC","6","North Birmingham","1","100.0000","81102","PM10 Total 0-10um STP","239","13820","Birmingham-Hoover, AL","01","Alabama","073","Jefferson","33.5530560008695","-86.815"
"02/03/2023","AQS","010730023","4","17","ug/m3 SC","16","North Birmingham","1","100.0000","81102","PM10 Total 0-10um STP","239","13820","Birmingham-Hoover, AL","01","Alabama","073","Jefferson","33.5530560008695","-86.815"
"02/04/2023","AQS","010730023","4","18","ug/m3 SC","17","North Birmingham","1","100.0000","81102","PM10 Total 0-10um STP","239","13820","Birmingham-Hoover, AL","01","Alabama","073","Jefferson","33.5530560008695","-86.815"
"02/05/2023","AQS","010730023","4","16","ug/m3 SC","15","North Birmingham","1","100.0000","81102","PM10 Total 0-10um STP","239","13820","Birmingham-Hoover, AL","01","Alabama","073","Jefferson","33.5530560008695","-86.815"
"02/06/2023","AQS","010730023","4","36","ug/m3 SC","33","North Birmingham","1","100.0000","81102","PM10 Total 0-10um STP","239","13820","Birmingham-Hoover, AL","01","Alabama","073","Jefferson","33.5530560008695","-86.815"
"02/07/2023","AQS","010730023","4","38","ug/m3 SC","35","North Birmingham","1","100.0000","81102","PM10 Total 0-10um STP","239","13820","Birmingham-Hoover, AL","01","Alabama","073","Jefferson","33.5530560008695","-86.815"
"02/08/2023","AQS","010730023","4","31","ug/m3 SC","29","North Birmingham","1","100.0000","81102","PM10 Total 0-10um STP","239","13820","Birmingham-Hoover, AL","01","Alabama","073","Jefferson","33.5530560008695","-86.815"
"02/09/2023","AQS","010730023","4","15","ug/m3 SC","14","North Birmingham","1","100.0000","81102","PM10 Total 0-10um STP","239","13820","Birmingham-Hoover, AL","01","Alabama","073","Jefferson","33.5530560008695","-86.815"
"02/10/2023","AQS","010730023","4","12","ug/m3 SC","11","North Birmingham","1","100.0000","81102","PM10 Total 0-10um STP","239","13820","Birmingham-Hoover, AL","01","Alabama","073","Jefferson","33.5530560008695","-86.815"
"02/11/2023","AQS","010730023","4","14","ug/m3 SC","13","North Birmingham","1","100.0000","81102","PM10 Total 0-10um STP","239","13820","Birmingham-Hoover, AL","01","Alabama","073","Jefferson","33.5530560008695","-86.815"
"02/12/2023","AQS","010730023","4","10","ug/m3 SC","9","North Birmingham","1","100.0000","81102","PM10 Total 0-10um STP","239","13820","Birmingham-Hoover, AL","01","Alabama","073","Jefferson","33.5530560008695","-86.815"
"02/13/2023","AQS","010730023","4","24","ug/m3 SC","22","North Birmingham","1","100.0000","81102","PM10 Total 0-10um STP","239","13820","Birmingham-Hoover, AL","01","Alabama","073","Jefferson","33.5530560008695","-86.815"
"02/14/2023","AQS","010730023","4","38","ug/m3 SC","35","North Birmingham","1","100.0000","81102","PM10 Total 0-10um STP","239","13820","Birmingham-Hoover, AL","01","Alabama","073","Jefferson","33.5530560008695","-86.815"
"02/15/2023","AQS","010730023","4","15","ug/m3 SC","14","North Birmingham","1","100.0000","81102","PM10 Total 0-10um STP","239","13820","Birmingham-Hoover, AL","01","Alabama","073","Jefferson","33.5530560008695","-86.815"
"02/16/2023","AQS","010730023","4","22","ug/m3 SC","20","North Birmingham","1","100.0000","81102","PM10 Total 0-10um STP","239","13820","Birmingham-Hoover, AL","01","Alabama","073","Jefferson","33.5530560008695","-86.815"
"02/17/2023","AQS","010730023","4","9","ug/m3 SC","8","North Birmingham","1","100.0000","81102","PM10 Total 0-10um STP","239","13820","Birmingham-Hoover, AL","01","Alabama","073","Jefferson","33.5530560008695","-86.815"
"02/18/2023","AQS","010730023","4","11","ug/m3 SC","10","North Birmingham","1","100.0000","81102","PM10 Total 0-10um STP","239","13820","Birmingham-Hoover, AL","01","Alabama","073","Jefferson","33.5530560008695","-86.815"
"02/19/2023","AQS","010730023","4","27","ug/m3 SC","25","North Birmingham","1","100.0000","81102","PM10 Total 0-10um STP","239","13820","Birmingham-Hoover, AL","01","Alabama","073","Jefferson","33.5530560008695","-86.815"
"02/20/2023","AQS","010730023","4","30","ug/m3 SC","28","North Birmingham","1","100.0000","81102","PM10 Total 0-10um STP","239","13820","Birmingham-Hoover, AL","01","Alabama","073","Jefferson","33.5530560008695","-86.815"
"02/21/2023","AQS","010730023","4","24","ug/m3 SC","22","North Birmingham","1","100.0000","81102","PM10 Total 0-10um STP","239","13820","Birmingham-Hoover, AL","01","Alabama","073","Jefferson","33.5530560008695","-86.815"
"02/22/2023","AQS","010730023","4","22","ug/m3 SC","20","North Birmingham","1","100.0000","81102","PM10 Total 0-10um STP","239","13820","Birmingham-Hoover, AL","01","Alabama","073","Jefferson","33.5530560008695","-86.815"
"02/23/2023","AQS","010730023","4","30","ug/m3 SC","28","North Birmingham","1","100.0000","81102","PM10 Total 0-10um STP","239","13820","Birmingham-Hoover, AL","01","Alabama","073","Jefferson","33.5530560008695","-86.815"
"02/24/2023","AQS","010730023","4","24","ug/m3 SC","22","North Birmingham","1","100.0000","81102","PM10 Total 0-10um STP","239","13820","Birmingham-Hoover, AL","01","Alabama","073","Jefferson","33.5530560008695","-86.815"
"02/25/2023","AQS","010730023","4","28","ug/m3 SC","26","North Birmingham","1","100.0000","81102","PM10 Total 0-10um STP","239","13820","Birmingham-Hoover, AL","01","Alabama","073","Jefferson","33.5530560008695","-86.815"
"02/26/2023","AQS","010730023","4","21","ug/m3 SC","19","North Birmingham","1","100.0000","81102","PM10 Total 0-10um STP","239","13820","Birmingham-Hoover, AL","01","Alabama","073","Jefferson","33.5530560008695","-86.815"
"02/27/2023","AQS","010730023","4","39","ug/m3 SC","36","North Birmingham","1","100.0000","81102","PM10 Total 0-10um STP","239","13820","Birmingham-Hoover, AL","01","Alabama","073","Jefferson","33.5530560008695","-86.815"
"02/28/2023","AQS","010730023","4","110","ug/m3 SC","78","North Birmingham","1","100.0000","81102","PM10 Total 0-10um STP","239","13820","Birmingham-Hoover, AL","01","Alabama","073","Jefferson","33.5530560008695","-86.815"
"03/01/2023","AQS","010730023","4","46","ug/m3 SC","43","North Birmingham","1","100.0000","81102","PM10 Total 0-10um STP","239","13820","Birmingham-Hoover, AL","01","Alabama","073","Jefferson","33.5530560008695","-86.815"
"03/02/2023","AQS","010730023","4","12","ug/m3 SC","11","North Birmingham","1","100.0000","81102","PM10 Total 0-10um STP","239","13820","Birmingham-Hoover, AL","01","Alabama","073","Jefferson","33.5530560008695","-86.815"
"03/03/2023","AQS","010730023","4","21","ug/m3 SC","19","North Birmingham","1","100.0000","81102","PM10 Total 0-10um STP","239","13820","Birmingham-Hoover, AL","01","Alabama","073","Jefferson","33.5530560008695","-86.815"
"03/04/2023","AQS","010730023","4","10","ug/m3 SC","9","North Birmingham","1","100.0000","81102","PM10 Total 0-10um STP","239","13820","Birmingham-Hoover, AL","01","Alabama","073","Jefferson","33.5530560008695","-86.815"
"03/05/2023","AQS","010730023","4","16","ug/m3 SC","15","North Birmingham","1","100.0000","81102","PM10 Total 0-10um STP","239","13820","Birmingham-Hoover, AL","01","Alabama","073","Jefferson","33.5530560008695","-86.815"
"03/06/2023","AQS","010730023","4","54","ug/m3 SC","50","North Birmingham","1","100.0000","81102","PM10 Total 0-10um STP","239","13820","Birmingham-Hoover, AL","01","Alabama","073","Jefferson","33.5530560008695","-86.815"
"03/07/2023","AQS","010730023","4","42","ug/m3 SC","39","North Birmingham","1","100.0000","81102","PM10 Total 0-10um STP","239","13820","Birmingham-Hoover, AL","01","Alabama","073","Jefferson","33.5530560008695","-86.815"
"03/08/2023","AQS","010730023","4","34","ug/m3 SC","31","North Birmingham","1","100.0000","81102","PM10 Total 0-10um STP","239","13820","Birmingham-Hoover, AL","01","Alabama","073","Jefferson","33.5530560008695","-86.815"
"03/09/2023","AQS","010730023","4","44","ug/m3 SC","41","North Birmingham","1","100.0000","81102","PM10 Total 0-10um STP","239","13820","Birmingham-Hoover, AL","01","Alabama","073","Jefferson","33.5530560008695","-86.815"
"03/10/2023","AQS","010730023","4","30","ug/m3 SC","28","North Birmingham","1","100.0000","81102","PM10 Total 0-10um STP","239","13820","Birmingham-Hoover, AL","01","Alabama","073","Jefferson","33.5530560008695","-86.815"
"03/11/2023","AQS","010730023","4","17","ug/m3 SC","16","North Birmingham","1","100.0000","81102","PM10 Total 0-10um STP","239","13820","Birmingham-Hoover, AL","01","Alabama","073","Jefferson","33.5530560008695","-86.815"
"03/12/2023","AQS","010730023","4","15","ug/m3 SC","14","North Birmingham","1","100.0000","81102","PM10 Total 0-10um STP","239","13820","Birmingham-Hoover, AL","01","Alabama","073","Jefferson","33.5530560008695","-86.815"
"03/13/2023","AQS","010730023","4","11","ug/m3 SC","10","North Birmingham","1","100.0000","81102","PM10 Total 0-10um STP","239","13820","Birmingham-Hoover, AL","01","Alabama","073","Jefferson","33.5530560008695","-86.815"
"03/14/2023","AQS","010730023","4","13","ug/m3 SC","12","North Birmingham","1","100.0000","81102","PM10 Total 0-10um STP","239","13820","Birmingham-Hoover, AL","01","Alabama","073","Jefferson","33.5530560008695","-86.815"
"03/15/2023","AQS","010730023","4","23","ug/m3 SC","21","North Birmingham","1","100.0000","81102","PM10 Total 0-10um STP","239","13820","Birmingham-Hoover, AL","01","Alabama","073","Jefferson","33.5530560008695","-86.815"
"03/16/2023","AQS","010730023","4","57","ug/m3 SC","52","North Birmingham","1","100.0000","81102","PM10 Total 0-10um STP","239","13820","Birmingham-Hoover, AL","01","Alabama","073","Jefferson","33.5530560008695","-86.815"
"03/17/2023","AQS","010730023","4","14","ug/m3 SC","13","North Birmingham","1","100.0000","81102","PM10 Total 0-10um STP","239","13820","Birmingham-Hoover, AL","01","Alabama","073","Jefferson","33.5530560008695","-86.815"
"03/18/2023","AQS","010730023","4","10","ug/m3 SC","9","North Birmingham","1","100.0000","81102","PM10 Total 0-10um STP","239","13820","Birmingham-Hoover, AL","01","Alabama","073","Jefferson","33.5530560008695","-86.815"
"03/19/2023","AQS","010730023","4","13","ug/m3 SC","12","North Birmingham","1","100.0000","81102","PM10 Total 0-10um STP","239","13820","Birmingham-Hoover, AL","01","Alabama","073","Jefferson","33.5530560008695","-86.815"
"03/20/2023","AQS","010730023","4","20","ug/m3 SC","19","North Birmingham","1","100.0000","81102","PM10 Total 0-10um STP","239","13820","Birmingham-Hoover, AL","01","Alabama","073","Jefferson","33.5530560008695","-86.815"
"03/21/2023","AQS","010730023","4","48","ug/m3 SC","44","North Birmingham","1","100.0000","81102","PM10 Total 0-10um STP","239","13820","Birmingham-Hoover, AL","01","Alabama","073","Jefferson","33.5530560008695","-86.815"
"03/22/2023","AQS","010730023","4","49","ug/m3 SC","45","North Birmingham","1","100.0000","81102","PM10 Total 0-10um STP","239","13820","Birmingham-Hoover, AL","01","Alabama","073","Jefferson","33.5530560008695","-86.815"
"03/23/2023","AQS","010730023","4","42","ug/m3 SC","39","North Birmingham","1","100.0000","81102","PM10 Total 0-10um STP","239","13820","Birmingham-Hoover, AL","01","Alabama","073","Jefferson","33.5530560008695","-86.815"
"03/24/2023","AQS","010730023","4","35","ug/m3 SC","32","North Birmingham","1","100.0000","81102","PM10 Total 0-10um STP","239","13820","Birmingham-Hoover, AL","01","Alabama","073","Jefferson","33.5530560008695","-86.815"
"03/25/2023","AQS","010730023","4","34","ug/m3 SC","31","North Birmingham","1","100.0000","81102","PM10 Total 0-10um STP","239","13820","Birmingham-Hoover, AL","01","Alabama","073","Jefferson","33.5530560008695","-86.815"
"03/26/2023","AQS","010730023","4","38","ug/m3 SC","35","North Birmingham","1","100.0000","81102","PM10 Total 0-10um STP","239","13820","Birmingham-Hoover, AL","01","Alabama","073","Jefferson","33.5530560008695","-86.815"
"03/27/2023","AQS","010730023","4","22","ug/m3 SC","20","North Birmingham","1","100.0000","81102","PM10 Total 0-10um STP","239","13820","Birmingham-Hoover, AL","01","Alabama","073","Jefferson","33.5530560008695","-86.815"
"03/28/2023","AQS","010730023","4","29","ug/m3 SC","27","North Birmingham","1","100.0000","81102","PM10 Total 0-10um STP","239","13820","Birmingham-Hoover, AL","01","Alabama","073","Jefferson","33.5530560008695","-86.815"
"03/29/2023","AQS","010730023","4","22","ug/m3 SC","20","North Birmingham","1","100.0000","81102","PM10 Total 0-10um STP","239","13820","Birmingham-Hoover, AL","01","Alabama","073","Jefferson","33.5530560008695","-86.815"
"03/30/2023","AQS","010730023","4","36","ug/m3 SC","33","North Birmingham","1","100.0000","81102","PM10 Total 0-10um STP","239","13820","Birmingham-Hoover, AL","01","Alabama","073","Jefferson","33.5530560008695","-86.815"
"03/31/2023","AQS","010730023","4","40","ug/m3 SC","37","North Birmingham","1","100.0000","81102","PM10 Total 0-10um STP","239","13820","Birmingham-Hoover, AL","01","Alabama","073","Jefferson","33.5530560008695","-86.815"
"04/01/2023","AQS","010730023","4","46","ug/m3 SC","43","North Birmingham","1","100.0000","81102","PM10 Total 0-10um STP","239","13820","Birmingham-Hoover, AL","01","Alabama","073","Jefferson","33.5530560008695","-86.815"
"04/02/2023","AQS","010730023","4","12","ug/m3 SC","11","North Birmingham","1","100.0000","81102","PM10 Total 0-10um STP","239","13820","Birmingham-Hoover, AL","01","Alabama","073","Jefferson","33.5530560008695","-86.815"
"04/03/2023","AQS","010730023","4","21","ug/m3 SC","19","North Birmingham","1","100.0000","81102","PM10 Total 0-10um STP","239","13820","Birmingham-Hoover, AL","01","Alabama","073","Jefferson","33.5530560008695","-86.815"
"04/04/2023","AQS","010730023","4","26","ug/m3 SC","24","North Birmingham","1","100.0000","81102","PM10 Total 0-10um STP","239","13820","Birmingham-Hoover, AL","01","Alabama","073","Jefferson","33.5530560008695","-86.815"
"04/05/2023","AQS","010730023","4","21","ug/m3 SC","19","North Birmingham","1","100.0000","81102","PM10 Total 0-10um STP","239","13820","Birmingham-Hoover, AL","01","Alabama","073","Jefferson","33.5530560008695","-86.815"
"04/06/2023","AQS","010730023","4","24","ug/m3 SC","22","North Birmingham","1","100.0000","81102","PM10 Total 0-10um STP","239","13820","Birmingham-Hoover, AL","01","Alabama","073","Jefferson","33.5530560008695","-86.815"
"04/07/2023","AQS","010730023","4","12","ug/m3 SC","11","North Birmingham","1","100.0000","81102","PM10 Total 0-10um STP","239","13820","Birmingham-Hoover, AL","01","Alabama","073","Jefferson","33.5530560008695","-86.815"
"04/08/2023","AQS","010730023","4","8","ug/m3 SC","7","North Birmingham","1","100.0000","81102","PM10 Total 0-10um STP","239","13820","Birmingham-Hoover, AL","01","Alabama","073","Jefferson","33.5530560008695","-86.815"
"04/09/2023","AQS","010730023","4","9","ug/m3 SC","8","North Birmingham","1","100.0000","81102","PM10 Total 0-10um STP","239","13820","Birmingham-Hoover, AL","01","Alabama","073","Jefferson","33.5530560008695","-86.815"
"04/10/2023","AQS","010730023","4","19","ug/m3 SC","18","North Birmingham","1","100.0000","81102","PM10 Total 0-10um STP","239","13820","Birmingham-Hoover, AL","01","Alabama","073","Jefferson","33.5530560008695","-86.815"
"04/11/2023","AQS","010730023","4","33","ug/m3 SC","31","North Birmingham","1","100.0000","81102","PM10 Total 0-10um STP","239","13820","Birmingham-Hoover, AL","01","Alabama","073","Jefferson","33.5530560008695","-86.815"
"04/12/2023","AQS","010730023","4","48","ug/m3 SC","44","North Birmingham","1","100.0000","81102","PM10 Total 0-10um STP","239","13820","Birmingham-Hoover, AL","01","Alabama","073","Jefferson","33.5530560008695","-86.815"
"04/13/2023","AQS","010730023","4","22","ug/m3 SC","20","North Birmingham","1","100.0000","81102","PM10 Total 0-10um STP","239","13820","Birmingham-Hoover, AL","01","Alabama","073","Jefferson","33.5530560008695","-86.815"
"04/14/2023","AQS","010730023","4","22","ug/m3 SC","20","North Birmingham","1","100.0000","81102","PM10 Total 0-10um STP","239","13820","Birmingham-Hoover, AL","01","Alabama","073","Jefferson","33.5530560008695","-86.815"
"04/15/2023","AQS","010730023","4","27","ug/m3 SC","25","North Birmingham","1","100.0000","81102","PM10 Total 0-10um STP","239","13820","Birmingham-Hoover, AL","01","Alabama","073","Jefferson","33.5530560008695","-86.815"
"04/16/2023","AQS","010730023","4","13","ug/m3 SC","12","North Birmingham","1","100.0000","81102","PM10 Total 0-10um STP","239","13820","Birmingham-Hoover, AL","01","Alabama","073","Jefferson","33.5530560008695","-86.815"
"04/17/2023","AQS","010730023","4","20","ug/m3 SC","19","North Birmingham","1","100.0000","81102","PM10 Total 0-10um STP","239","13820","Birmingham-Hoover, AL","01","Alabama","073","Jefferson","33.5530560008695","-86.815"
"04/18/2023","AQS","010730023","4","50","ug/m3 SC","46","North Birmingham","1","100.0000","81102","PM10 Total 0-10um STP","239","13820","Birmingham-Hoover, AL","01","Alabama","073","Jefferson","33.5530560008695","-86.815"
"04/19/2023","AQS","010730023","4","51","ug/m3 SC","47","North Birmingham","1","100.0000","81102","PM10 Total 0-10um STP","239","13820","Birmingham-Hoover, AL","01","Alabama","073","Jefferson","33.5530560008695","-86.815"
"04/20/2023","AQS","010730023","4","51","ug/m3 SC","47","North Birmingham","1","100.0000","81102","PM10 Total 0-10um STP","239","13820","Birmingham-Hoover, AL","01","Alabama","073","Jefferson","33.5530560008695","-86.815"
"04/21/2023","AQS","010730023","4","32","ug/m3 SC","30","North Birmingham","1","100.0000","81102","PM10 Total 0-10um STP","239","13820","Birmingham-Hoover, AL","01","Alabama","073","Jefferson","33.5530560008695","-86.815"
"04/22/2023","AQS","010730023","4","15","ug/m3 SC","14","North Birmingham","1","100.0000","81102","PM10 Total 0-10um STP","239","13820","Birmingham-Hoover, AL","01","Alabama","073","Jefferson","33.5530560008695","-86.815"
"04/23/2023","AQS","010730023","4","15","ug/m3 SC","14","North Birmingham","1","100.0000","81102","PM10 Total 0-10um STP","239","13820","Birmingham-Hoover, AL","01","Alabama","073","Jefferson","33.5530560008695","-86.815"
"04/24/2023","AQS","010730023","4","18","ug/m3 SC","17","North Birmingham","1","100.0000","81102","PM10 Total 0-10um STP","239","13820","Birmingham-Hoover, AL","01","Alabama","073","Jefferson","33.5530560008695","-86.815"
"04/25/2023","AQS","010730023","4","26","ug/m3 SC","24","North Birmingham","1","100.0000","81102","PM10 Total 0-10um STP","239","13820","Birmingham-Hoover, AL","01","Alabama","073","Jefferson","33.5530560008695","-86.815"
"04/26/2023","AQS","010730023","4","29","ug/m3 SC","27","North Birmingham","1","100.0000","81102","PM10 Total 0-10um STP","239","13820","Birmingham-Hoover, AL","01","Alabama","073","Jefferson","33.5530560008695","-86.815"
"04/27/2023","AQS","010730023","4","16","ug/m3 SC","15","North Birmingham","1","100.0000","81102","PM10 Total 0-10um STP","239","13820","Birmingham-Hoover, AL","01","Alabama","073","Jefferson","33.5530560008695","-86.815"
"04/28/2023","AQS","010730023","4","18","ug/m3 SC","17","North Birmingham","1","100.0000","81102","PM10 Total 0-10um STP","239","13820","Birmingham-Hoover, AL","01","Alabama","073","Jefferson","33.5530560008695","-86.815"
"04/29/2023","AQS","010730023","4","20","ug/m3 SC","19","North Birmingham","1","100.0000","81102","PM10 Total 0-10um STP","239","13820","Birmingham-Hoover, AL","01","Alabama","073","Jefferson","33.5530560008695","-86.815"
"04/30/2023","AQS","010730023","4","19","ug/m3 SC","18","North Birmingham","1","100.0000","81102","PM10 Total 0-10um STP","239","13820","Birmingham-Hoover, AL","01","Alabama","073","Jefferson","33.5530560008695","-86.815"
"05/01/2023","AQS","010730023","4","20","ug/m3 SC","19","North Birmingham","1","100.0000","81102","PM10 Total 0-10um STP","239","13820","Birmingham-Hoover, AL","01","Alabama","073","Jefferson","33.5530560008695","-86.815"
"05/02/2023","AQS","010730023","4","26","ug/m3 SC","24","North Birmingham","1","100.0000","81102","PM10 Total 0-10um STP","239","13820","Birmingham-Hoover, AL","01","Alabama","073","Jefferson","33.5530560008695","-86.815"
"05/03/2023","AQS","010730023","4","34","ug/m3 SC","31","North Birmingham","1","100.0000","81102","PM10 Total 0-10um STP","239","13820","Birmingham-Hoover, AL","01","Alabama","073","Jefferson","33.5530560008695","-86.815"
"05/04/2023","AQS","010730023","4","34","ug/m3 SC","31","North Birmingham","1","100.0000","81102","PM10 Total 0-10um STP","239","13820","Birmingham-Hoover, AL","01","Alabama","073","Jefferson","33.5530560008695","-86.815"
"05/05/2023","AQS","010730023","4","23","ug/m3 SC","21","North Birmingham","1","100.0000","81102","PM10 Total 0-10um STP","239","13820","Birmingham-Hoover, AL","01","Alabama","073","Jefferson","33.5530560008695","-86.815"
"05/06/2023","AQS","010730023","4","25","ug/m3 SC","23","North Birmingham","1","100.0000","81102","PM10 Total 0-10um STP","239","13820","Birmingham-Hoover, AL","01","Alabama","073","Jefferson","33.5530560008695","-86.815"
"05/09/2023","AQS","010730023","4","32","ug/m3 SC","30","North Birmingham","1","100.0000","81102","PM10 Total 0-10um STP","239","13820","Birmingham-Hoover, AL","01","Alabama","073","Jefferson","33.5530560008695","-86.815"
"05/10/2023","AQS","010730023","4","27","ug/m3 SC","25","North Birmingham","1","100.0000","81102","PM10 Total 0-10um STP","239","13820","Birmingham-Hoover, AL","01","Alabama","073","Jefferson","33.5530560008695","-86.815"
"05/11/2023","AQS","010730023","4","29","ug/m3 SC","27","North Birmingham","1","100.0000","81102","PM10 Total 0-10um STP","239","13820","Birmingham-Hoover, AL","01","Alabama","073","Jefferson","33.5530560008695","-86.815"
"05/12/2023","AQS","010730023","4","17","ug/m3 SC","16","North Birmingham","1","100.0000","81102","PM10 Total 0-10um STP","239","13820","Birmingham-Hoover, AL","01","Alabama","073","Jefferson","33.5530560008695","-86.815"
"05/13/2023","AQS","010730023","4","19","ug/m3 SC","18","North Birmingham","1","100.0000","81102","PM10 Total 0-10um STP","239","13820","Birmingham-Hoover, AL","01","Alabama","073","Jefferson","33.5530560008695","-86.815"
"05/14/2023","AQS","010730023","4","24","ug/m3 SC","22","North Birmingham","1","100.0000","81102","PM10 Total 0-10um STP","239","13820","Birmingham-Hoover, AL","01","Alabama","073","Jefferson","33.5530560008695","-86.815"
"05/15/2023","AQS","010730023","4","25","ug/m3 SC","23","North Birmingham","1","100.0000","81102","PM10 Total 0-10um STP","239","13820","Birmingham-Hoover, AL","01","Alabama","073","Jefferson","33.5530560008695","-86.815"
"05/16/2023","AQS","010730023","4","24","ug/m3 SC","22","North Birmingham","1","100.0000","81102","PM10 Total 0-10um STP","239","13820","Birmingham-Hoover, AL","01","Alabama","073","Jefferson","33.5530560008695","-86.815"
"05/17/2023","AQS","010730023","4","20","ug/m3 SC","19","North Birmingham","1","100.0000","81102","PM10 Total 0-10um STP","239","13820","Birmingham-Hoover, AL","01","Alabama","073","Jefferson","33.5530560008695","-86.815"
"05/18/2023","AQS","010730023","4","18","ug/m3 SC","17","North Birmingham","1","100.0000","81102","PM10 Total 0-10um STP","239","13820","Birmingham-Hoover, AL","01","Alabama","073","Jefferson","33.5530560008695","-86.815"
"05/19/2023","AQS","010730023","4","16","ug/m3 SC","15","North Birmingham","1","100.0000","81102","PM10 Total 0-10um STP","239","13820","Birmingham-Hoover, AL","01","Alabama","073","Jefferson","33.5530560008695","-86.815"
"05/20/2023","AQS","010730023","4","18","ug/m3 SC","17","North Birmingham","1","100.0000","81102","PM10 Total 0-10um STP","239","13820","Birmingham-Hoover, AL","01","Alabama","073","Jefferson","33.5530560008695","-86.815"
"05/21/2023","AQS","010730023","4","41","ug/m3 SC","38","North Birmingham","1","100.0000","81102","PM10 Total 0-10um STP","239","13820","Birmingham-Hoover, AL","01","Alabama","073","Jefferson","33.5530560008695","-86.815"
"05/22/2023","AQS","010730023","4","29","ug/m3 SC","27","North Birmingham","1","100.0000","81102","PM10 Total 0-10um STP","239","13820","Birmingham-Hoover, AL","01","Alabama","073","Jefferson","33.5530560008695","-86.815"
"05/23/2023","AQS","010730023","4","29","ug/m3 SC","27","North Birmingham","1","100.0000","81102","PM10 Total 0-10um STP","239","13820","Birmingham-Hoover, AL","01","Alabama","073","Jefferson","33.5530560008695","-86.815"
"05/24/2023","AQS","010730023","4","39","ug/m3 SC","36","North Birmingham","1","100.0000","81102","PM10 Total 0-10um STP","239","13820","Birmingham-Hoover, AL","01","Alabama","073","Jefferson","33.5530560008695","-86.815"
"05/25/2023","AQS","010730023","4","45","ug/m3 SC","42","North Birmingham","1","100.0000","81102","PM10 Total 0-10um STP","239","13820","Birmingham-Hoover, AL","01","Alabama","073","Jefferson","33.5530560008695","-86.815"
"05/26/2023","AQS","010730023","4","43","ug/m3 SC","40","North Birmingham","1","100.0000","81102","PM10 Total 0-10um STP","239","13820","Birmingham-Hoover, AL","01","Alabama","073","Jefferson","33.5530560008695","-86.815"
"05/27/2023","AQS","010730023","4","26","ug/m3 SC","24","North Birmingham","1","100.0000","81102","PM10 Total 0-10um STP","239","13820","Birmingham-Hoover, AL","01","Alabama","073","Jefferson","33.5530560008695","-86.815"
"05/28/2023","AQS","010730023","4","22","ug/m3 SC","20","North Birmingham","1","100.0000","81102","PM10 Total 0-10um STP","239","13820","Birmingham-Hoover, AL","01","Alabama","073","Jefferson","33.5530560008695","-86.815"
"05/29/2023","AQS","010730023","4","15","ug/m3 SC","14","North Birmingham","1","100.0000","81102","PM10 Total 0-10um STP","239","13820","Birmingham-Hoover, AL","01","Alabama","073","Jefferson","33.5530560008695","-86.815"
"05/30/2023","AQS","010730023","4","23","ug/m3 SC","21","North Birmingham","1","100.0000","81102","PM10 Total 0-10um STP","239","13820","Birmingham-Hoover, AL","01","Alabama","073","Jefferson","33.5530560008695","-86.815"
"05/31/2023","AQS","010730023","4","31","ug/m3 SC","29","North Birmingham","1","100.0000","81102","PM10 Total 0-10um STP","239","13820","Birmingham-Hoover, AL","01","Alabama","073","Jefferson","33.5530560008695","-86.815"
"06/01/2023","AQS","010730023","4","26","ug/m3 SC","24","North Birmingham","1","100.0000","81102","PM10 Total 0-10um STP","239","13820","Birmingham-Hoover, AL","01","Alabama","073","Jefferson","33.5530560008695","-86.815"
"06/02/2023","AQS","010730023","4","27","ug/m3 SC","25","North Birmingham","1","100.0000","81102","PM10 Total 0-10um STP","239","13820","Birmingham-Hoover, AL","01","Alabama","073","Jefferson","33.5530560008695","-86.815"
"06/03/2023","AQS","010730023","4","32","ug/m3 SC","30","North Birmingham","1","100.0000","81102","PM10 Total 0-10um STP","239","13820","Birmingham-Hoover, AL","01","Alabama","073","Jefferson","33.5530560008695","-86.815"
"06/04/2023","AQS","010730023","4","38","ug/m3 SC","35","North Birmingham","1","100.0000","81102","PM10 Total 0-10um STP","239","13820","Birmingham-Hoover, AL","01","Alabama","073","Jefferson","33.5530560008695","-86.815"
"06/05/2023","AQS","010730023","4","36","ug/m3 SC","33","North Birmingham","1","100.0000","81102","PM10 Total 0-10um STP","239","13820","Birmingham-Hoover, AL","01","Alabama","073","Jefferson","33.5530560008695","-86.815"
"06/06/2023","AQS","010730023","4","35","ug/m3 SC","32","North Birmingham","1","100.0000","81102","PM10 Total 0-10um STP","239","13820","Birmingham-Hoover, AL","01","Alabama","073","Jefferson","33.5530560008695","-86.815"
"06/07/2023","AQS","010730023","4","45","ug/m3 SC","42","North Birmingham","1","100.0000","81102","PM10 Total 0-10um STP","239","13820","Birmingham-Hoover, AL","01","Alabama","073","Jefferson","33.5530560008695","-86.815"
"06/08/2023","AQS","010730023","4","47","ug/m3 SC","44","North Birmingham","1","100.0000","81102","PM10 Total 0-10um STP","239","13820","Birmingham-Hoover, AL","01","Alabama","073","Jefferson","33.5530560008695","-86.815"
"06/09/2023","AQS","010730023","4","58","ug/m3 SC","52","North Birmingham","1","100.0000","81102","PM10 Total 0-10um STP","239","13820","Birmingham-Hoover, AL","01","Alabama","073","Jefferson","33.5530560008695","-86.815"
"06/10/2023","AQS","010730023","4","54","ug/m3 SC","50","North Birmingham","1","100.0000","81102","PM10 Total 0-10um STP","239","13820","Birmingham-Hoover, AL","01","Alabama","073","Jefferson","33.5530560008695","-86.815"
"06/11/2023","AQS","010730023","4","24","ug/m3 SC","22","North Birmingham","1","100.0000","81102","PM10 Total 0-10um STP","239","13820","Birmingham-Hoover, AL","01","Alabama","073","Jefferson","33.5530560008695","-86.815"
"06/12/2023","AQS","010730023","4","21","ug/m3 SC","19","North Birmingham","1","100.0000","81102","PM10 Total 0-10um STP","239","13820","Birmingham-Hoover, AL","01","Alabama","073","Jefferson","33.5530560008695","-86.815"
"06/13/2023","AQS","010730023","4","29","ug/m3 SC","27","North Birmingham","1","100.0000","81102","PM10 Total 0-10um STP","239","13820","Birmingham-Hoover, AL","01","Alabama","073","Jefferson","33.5530560008695","-86.815"
"06/14/2023","AQS","010730023","4","20","ug/m3 SC","19","North Birmingham","1","100.0000","81102","PM10 Total 0-10um STP","239","13820","Birmingham-Hoover, AL","01","Alabama","073","Jefferson","33.5530560008695","-86.815"
"06/15/2023","AQS","010730023","4","17","ug/m3 SC","16","North Birmingham","1","100.0000","81102","PM10 Total 0-10um STP","239","13820","Birmingham-Hoover, AL","01","Alabama","073","Jefferson","33.5530560008695","-86.815"
"06/16/2023","AQS","010730023","4","22","ug/m3 SC","20","North Birmingham","1","100.0000","81102","PM10 Total 0-10um STP","239","13820","Birmingham-Hoover, AL","01","Alabama","073","Jefferson","33.5530560008695","-86.815"
"06/17/2023","AQS","010730023","4","29","ug/m3 SC","27","North Birmingham","1","100.0000","81102","PM10 Total 0-10um STP","239","13820","Birmingham-Hoover, AL","01","Alabama","073","Jefferson","33.5530560008695","-86.815"
"06/18/2023","AQS","010730023","4","26","ug/m3 SC","24","North Birmingham","1","100.0000","81102","PM10 Total 0-10um STP","239","13820","Birmingham-Hoover, AL","01","Alabama","073","Jefferson","33.5530560008695","-86.815"
"06/19/2023","AQS","010730023","4","17","ug/m3 SC","16","North Birmingham","1","100.0000","81102","PM10 Total 0-10um STP","239","13820","Birmingham-Hoover, AL","01","Alabama","073","Jefferson","33.5530560008695","-86.815"
"06/20/2023","AQS","010730023","4","21","ug/m3 SC","19","North Birmingham","1","100.0000","81102","PM10 Total 0-10um STP","239","13820","Birmingham-Hoover, AL","01","Alabama","073","Jefferson","33.5530560008695","-86.815"
"06/21/2023","AQS","010730023","4","16","ug/m3 SC","15","North Birmingham","1","100.0000","81102","PM10 Total 0-10um STP","239","13820","Birmingham-Hoover, AL","01","Alabama","073","Jefferson","33.5530560008695","-86.815"
"06/22/2023","AQS","010730023","4","12","ug/m3 SC","11","North Birmingham","1","100.0000","81102","PM10 Total 0-10um STP","239","13820","Birmingham-Hoover, AL","01","Alabama","073","Jefferson","33.5530560008695","-86.815"
"06/23/2023","AQS","010730023","4","25","ug/m3 SC","23","North Birmingham","1","100.0000","81102","PM10 Total 0-10um STP","239","13820","Birmingham-Hoover, AL","01","Alabama","073","Jefferson","33.5530560008695","-86.815"
"06/24/2023","AQS","010730023","4","39","ug/m3 SC","36","North Birmingham","1","100.0000","81102","PM10 Total 0-10um STP","239","13820","Birmingham-Hoover, AL","01","Alabama","073","Jefferson","33.5530560008695","-86.815"
"06/25/2023","AQS","010730023","4","29","ug/m3 SC","27","North Birmingham","1","100.0000","81102","PM10 Total 0-10um STP","239","13820","Birmingham-Hoover, AL","01","Alabama","073","Jefferson","33.5530560008695","-86.815"
"06/26/2023","AQS","010730023","4","23","ug/m3 SC","21","North Birmingham","1","100.0000","81102","PM10 Total 0-10um STP","239","13820","Birmingham-Hoover, AL","01","Alabama","073","Jefferson","33.5530560008695","-86.815"
"06/27/2023","AQS","010730023","4","43","ug/m3 SC","40","North Birmingham","1","100.0000","81102","PM10 Total 0-10um STP","239","13820","Birmingham-Hoover, AL","01","Alabama","073","Jefferson","33.5530560008695","-86.815"
"06/28/2023","AQS","010730023","4","49","ug/m3 SC","45","North Birmingham","1","100.0000","81102","PM10 Total 0-10um STP","239","13820","Birmingham-Hoover, AL","01","Alabama","073","Jefferson","33.5530560008695","-86.815"
"06/29/2023","AQS","010730023","4","42","ug/m3 SC","39","North Birmingham","1","100.0000","81102","PM10 Total 0-10um STP","239","13820","Birmingham-Hoover, AL","01","Alabama","073","Jefferson","33.5530560008695","-86.815"
"06/30/2023","AQS","010730023","4","49","ug/m3 SC","45","North Birmingham","1","100.0000","81102","PM10 Total 0-10um STP","239","13820","Birmingham-Hoover, AL","01","Alabama","073","Jefferson","33.5530560008695","-86.815"
"07/01/2023","AQS","010730023","4","33","ug/m3 SC","31","North Birmingham","1","100.0000","81102","PM10 Total 0-10um STP","239","13820","Birmingham-Hoover, AL","01","Alabama","073","Jefferson","33.5530560008695","-86.815"
"07/02/2023","AQS","010730023","4","27","ug/m3 SC","25","North Birmingham","1","100.0000","81102","PM10 Total 0-10um STP","239","13820","Birmingham-Hoover, AL","01","Alabama","073","Jefferson","33.5530560008695","-86.815"
"07/03/2023","AQS","010730023","4","23","ug/m3 SC","21","North Birmingham","1","100.0000","81102","PM10 Total 0-10um STP","239","13820","Birmingham-Hoover, AL","01","Alabama","073","Jefferson","33.5530560008695","-86.815"
"07/04/2023","AQS","010730023","4","32","ug/m3 SC","30","North Birmingham","1","100.0000","81102","PM10 Total 0-10um STP","239","13820","Birmingham-Hoover, AL","01","Alabama","073","Jefferson","33.5530560008695","-86.815"
"07/05/2023","AQS","010730023","4","23","ug/m3 SC","21","North Birmingham","1","100.0000","81102","PM10 Total 0-10um STP","239","13820","Birmingham-Hoover, AL","01","Alabama","073","Jefferson","33.5530560008695","-86.815"
"07/06/2023","AQS","010730023","4","19","ug/m3 SC","18","North Birmingham","1","100.0000","81102","PM10 Total 0-10um STP","239","13820","Birmingham-Hoover, AL","01","Alabama","073","Jefferson","33.5530560008695","-86.815"
"07/07/2023","AQS","010730023","4","16","ug/m3 SC","15","North Birmingham","1","100.0000","81102","PM10 Total 0-10um STP","239","13820","Birmingham-Hoover, AL","01","Alabama","073","Jefferson","33.5530560008695","-86.815"
"07/08/2023","AQS","010730023","4","15","ug/m3 SC","14","North Birmingham","1","100.0000","81102","PM10 Total 0-10um STP","239","13820","Birmingham-Hoover, AL","01","Alabama","073","Jefferson","33.5530560008695","-86.815"
"07/09/2023","AQS","010730023","4","12","ug/m3 SC","11","North Birmingham","1","100.0000","81102","PM10 Total 0-10um STP","239","13820","Birmingham-Hoover, AL","01","Alabama","073","Jefferson","33.5530560008695","-86.815"
"07/10/2023","AQS","010730023","4","11","ug/m3 SC","10","North Birmingham","1","100.0000","81102","PM10 Total 0-10um STP","239","13820","Birmingham-Hoover, AL","01","Alabama","073","Jefferson","33.5530560008695","-86.815"
"07/11/2023","AQS","010730023","4","27","ug/m3 SC","25","North Birmingham","1","100.0000","81102","PM10 Total 0-10um STP","239","13820","Birmingham-Hoover, AL","01","Alabama","073","Jefferson","33.5530560008695","-86.815"
"07/12/2023","AQS","010730023","4","25","ug/m3 SC","23","North Birmingham","1","100.0000","81102","PM10 Total 0-10um STP","239","13820","Birmingham-Hoover, AL","01","Alabama","073","Jefferson","33.5530560008695","-86.815"
"07/13/2023","AQS","010730023","4","15","ug/m3 SC","14","North Birmingham","1","100.0000","81102","PM10 Total 0-10um STP","239","13820","Birmingham-Hoover, AL","01","Alabama","073","Jefferson","33.5530560008695","-86.815"
"07/14/2023","AQS","010730023","4","18","ug/m3 SC","17","North Birmingham","1","100.0000","81102","PM10 Total 0-10um STP","239","13820","Birmingham-Hoover, AL","01","Alabama","073","Jefferson","33.5530560008695","-86.815"
"07/15/2023","AQS","010730023","4","16","ug/m3 SC","15","North Birmingham","1","100.0000","81102","PM10 Total 0-10um STP","239","13820","Birmingham-Hoover, AL","01","Alabama","073","Jefferson","33.5530560008695","-86.815"
"07/16/2023","AQS","010730023","4","23","ug/m3 SC","21","North Birmingham","1","100.0000","81102","PM10 Total 0-10um STP","239","13820","Birmingham-Hoover, AL","01","Alabama","073","Jefferson","33.5530560008695","-86.815"
"07/17/2023","AQS","010730023","4","71","ug/m3 SC","59","North Birmingham","1","100.0000","81102","PM10 Total 0-10um STP","239","13820","Birmingham-Hoover, AL","01","Alabama","073","Jefferson","33.5530560008695","-86.815"
"07/18/2023","AQS","010730023","4","61","ug/m3 SC","54","North Birmingham","1","100.0000","81102","PM10 Total 0-10um STP","239","13820","Birmingham-Hoover, AL","01","Alabama","073","Jefferson","33.5530560008695","-86.815"
"07/19/2023","AQS","010730023","4","26","ug/m3 SC","24","North Birmingham","1","100.0000","81102","PM10 Total 0-10um STP","239","13820","Birmingham-Hoover, AL","01","Alabama","073","Jefferson","33.5530560008695","-86.815"
"07/20/2023","AQS","010730023","4","42","ug/m3 SC","39","North Birmingham","1","100.0000","81102","PM10 Total 0-10um STP","239","13820","Birmingham-Hoover, AL","01","Alabama","073","Jefferson","33.5530560008695","-86.815"
"07/21/2023","AQS","010730023","4","35","ug/m3 SC","32","North Birmingham","1","100.0000","81102","PM10 Total 0-10um STP","239","13820","Birmingham-Hoover, AL","01","Alabama","073","Jefferson","33.5530560008695","-86.815"
"07/22/2023","AQS","010730023","4","16","ug/m3 SC","15","North Birmingham","1","100.0000","81102","PM10 Total 0-10um STP","239","13820","Birmingham-Hoover, AL","01","Alabama","073","Jefferson","33.5530560008695","-86.815"
"07/23/2023","AQS","010730023","4","20","ug/m3 SC","19","North Birmingham","1","100.0000","81102","PM10 Total 0-10um STP","239","13820","Birmingham-Hoover, AL","01","Alabama","073","Jefferson","33.5530560008695","-86.815"
"07/24/2023","AQS","010730023","4","32","ug/m3 SC","30","North Birmingham","1","100.0000","81102","PM10 Total 0-10um STP","239","13820","Birmingham-Hoover, AL","01","Alabama","073","Jefferson","33.5530560008695","-86.815"
"07/25/2023","AQS","010730023","4","45","ug/m3 SC","42","North Birmingham","1","100.0000","81102","PM10 Total 0-10um STP","239","13820","Birmingham-Hoover, AL","01","Alabama","073","Jefferson","33.5530560008695","-86.815"
"07/26/2023","AQS","010730023","4","45","ug/m3 SC","42","North Birmingham","1","100.0000","81102","PM10 Total 0-10um STP","239","13820","Birmingham-Hoover, AL","01","Alabama","073","Jefferson","33.5530560008695","-86.815"
"07/27/2023","AQS","010730023","4","48","ug/m3 SC","44","North Birmingham","1","100.0000","81102","PM10 Total 0-10um STP","239","13820","Birmingham-Hoover, AL","01","Alabama","073","Jefferson","33.5530560008695","-86.815"
"07/28/2023","AQS","010730023","4","37","ug/m3 SC","34","North Birmingham","1","100.0000","81102","PM10 Total 0-10um STP","239","13820","Birmingham-Hoover, AL","01","Alabama","073","Jefferson","33.5530560008695","-86.815"
"07/29/2023","AQS","010730023","4","30","ug/m3 SC","28","North Birmingham","1","100.0000","81102","PM10 Total 0-10um STP","239","13820","Birmingham-Hoover, AL","01","Alabama","073","Jefferson","33.5530560008695","-86.815"
"07/30/2023","AQS","010730023","4","24","ug/m3 SC","22","North Birmingham","1","100.0000","81102","PM10 Total 0-10um STP","239","13820","Birmingham-Hoover, AL","01","Alabama","073","Jefferson","33.5530560008695","-86.815"
"07/31/2023","AQS","010730023","4","20","ug/m3 SC","19","North Birmingham","1","100.0000","81102","PM10 Total 0-10um STP","239","13820","Birmingham-Hoover, AL","01","Alabama","073","Jefferson","33.5530560008695","-86.815"
"08/01/2023","AQS","010730023","4","24","ug/m3 SC","22","North Birmingham","1","100.0000","81102","PM10 Total 0-10um STP","239","13820","Birmingham-Hoover, AL","01","Alabama","073","Jefferson","33.5530560008695","-86.815"
"08/02/2023","AQS","010730023","4","26","ug/m3 SC","24","North Birmingham","1","100.0000","81102","PM10 Total 0-10um STP","239","13820","Birmingham-Hoover, AL","01","Alabama","073","Jefferson","33.5530560008695","-86.815"
"08/03/2023","AQS","010730023","4","23","ug/m3 SC","21","North Birmingham","1","100.0000","81102","PM10 Total 0-10um STP","239","13820","Birmingham-Hoover, AL","01","Alabama","073","Jefferson","33.5530560008695","-86.815"
"08/04/2023","AQS","010730023","4","18","ug/m3 SC","17","North Birmingham","1","100.0000","81102","PM10 Total 0-10um STP","239","13820","Birmingham-Hoover, AL","01","Alabama","073","Jefferson","33.5530560008695","-86.815"
"08/05/2023","AQS","010730023","4","18","ug/m3 SC","17","North Birmingham","1","100.0000","81102","PM10 Total 0-10um STP","239","13820","Birmingham-Hoover, AL","01","Alabama","073","Jefferson","33.5530560008695","-86.815"
"08/06/2023","AQS","010730023","4","17","ug/m3 SC","16","North Birmingham","1","100.0000","81102","PM10 Total 0-10um STP","239","13820","Birmingham-Hoover, AL","01","Alabama","073","Jefferson","33.5530560008695","-86.815"
"08/07/2023","AQS","010730023","4","26","ug/m3 SC","24","North Birmingham","1","100.0000","81102","PM10 Total 0-10um STP","239","13820","Birmingham-Hoover, AL","01","Alabama","073","Jefferson","33.5530560008695","-86.815"
"08/08/2023","AQS","010730023","4","19","ug/m3 SC","18","North Birmingham","1","100.0000","81102","PM10 Total 0-10um STP","239","13820","Birmingham-Hoover, AL","01","Alabama","073","Jefferson","33.5530560008695","-86.815"
"08/09/2023","AQS","010730023","4","29","ug/m3 SC","27","North Birmingham","1","100.0000","81102","PM10 Total 0-10um STP","239","13820","Birmingham-Hoover, AL","01","Alabama","073","Jefferson","33.5530560008695","-86.815"
"08/10/2023","AQS","010730023","4","16","ug/m3 SC","15","North Birmingham","1","100.0000","81102","PM10 Total 0-10um STP","239","13820","Birmingham-Hoover, AL","01","Alabama","073","Jefferson","33.5530560008695","-86.815"
"08/11/2023","AQS","010730023","4","19","ug/m3 SC","18","North Birmingham","1","100.0000","81102","PM10 Total 0-10um STP","239","13820","Birmingham-Hoover, AL","01","Alabama","073","Jefferson","33.5530560008695","-86.815"
"08/12/2023","AQS","010730023","4","22","ug/m3 SC","20","North Birmingham","1","100.0000","81102","PM10 Total 0-10um STP","239","13820","Birmingham-Hoover, AL","01","Alabama","073","Jefferson","33.5530560008695","-86.815"
"08/13/2023","AQS","010730023","4","20","ug/m3 SC","19","North Birmingham","1","100.0000","81102","PM10 Total 0-10um STP","239","13820","Birmingham-Hoover, AL","01","Alabama","073","Jefferson","33.5530560008695","-86.815"
"08/14/2023","AQS","010730023","4","27","ug/m3 SC","25","North Birmingham","1","100.0000","81102","PM10 Total 0-10um STP","239","13820","Birmingham-Hoover, AL","01","Alabama","073","Jefferson","33.5530560008695","-86.815"
"08/15/2023","AQS","010730023","4","18","ug/m3 SC","17","North Birmingham","1","100.0000","81102","PM10 Total 0-10um STP","239","13820","Birmingham-Hoover, AL","01","Alabama","073","Jefferson","33.5530560008695","-86.815"
"08/16/2023","AQS","010730023","4","23","ug/m3 SC","21","North Birmingham","1","100.0000","81102","PM10 Total 0-10um STP","239","13820","Birmingham-Hoover, AL","01","Alabama","073","Jefferson","33.5530560008695","-86.815"
"08/17/2023","AQS","010730023","4","37","ug/m3 SC","34","North Birmingham","1","100.0000","81102","PM10 Total 0-10um STP","239","13820","Birmingham-Hoover, AL","01","Alabama","073","Jefferson","33.5530560008695","-86.815"
"08/18/2023","AQS","010730023","4","40","ug/m3 SC","37","North Birmingham","1","100.0000","81102","PM10 Total 0-10um STP","239","13820","Birmingham-Hoover, AL","01","Alabama","073","Jefferson","33.5530560008695","-86.815"
"08/19/2023","AQS","010730023","4","33","ug/m3 SC","31","North Birmingham","1","100.0000","81102","PM10 Total 0-10um STP","239","13820","Birmingham-Hoover, AL","01","Alabama","073","Jefferson","33.5530560008695","-86.815"
"08/20/2023","AQS","010730023","4","48","ug/m3 SC","44","North Birmingham","1","100.0000","81102","PM10 Total 0-10um STP","239","13820","Birmingham-Hoover, AL","01","Alabama","073","Jefferson","33.5530560008695","-86.815"
"08/21/2023","AQS","010730023","4","66","ug/m3 SC","56","North Birmingham","1","100.0000","81102","PM10 Total 0-10um STP","239","13820","Birmingham-Hoover, AL","01","Alabama","073","Jefferson","33.5530560008695","-86.815"
"08/22/2023","AQS","010730023","4","52","ug/m3 SC","48","North Birmingham","1","100.0000","81102","PM10 Total 0-10um STP","239","13820","Birmingham-Hoover, AL","01","Alabama","073","Jefferson","33.5530560008695","-86.815"
"08/23/2023","AQS","010730023","4","58","ug/m3 SC","52","North Birmingham","1","100.0000","81102","PM10 Total 0-10um STP","239","13820","Birmingham-Hoover, AL","01","Alabama","073","Jefferson","33.5530560008695","-86.815"
"08/24/2023","AQS","010730023","4","64","ug/m3 SC","55","North Birmingham","1","100.0000","81102","PM10 Total 0-10um STP","239","13820","Birmingham-Hoover, AL","01","Alabama","073","Jefferson","33.5530560008695","-86.815"
"08/25/2023","AQS","010730023","4","50","ug/m3 SC","46","North Birmingham","1","100.0000","81102","PM10 Total 0-10um STP","239","13820","Birmingham-Hoover, AL","01","Alabama","073","Jefferson","33.5530560008695","-86.815"
"08/26/2023","AQS","010730023","4","47","ug/m3 SC","44","North Birmingham","1","100.0000","81102","PM10 Total 0-10um STP","239","13820","Birmingham-Hoover, AL","01","Alabama","073","Jefferson","33.5530560008695","-86.815"
"08/27/2023","AQS","010730023","4","29","ug/m3 SC","27","North Birmingham","1","100.0000","81102","PM10 Total 0-10um STP","239","13820","Birmingham-Hoover, AL","01","Alabama","073","Jefferson","33.5530560008695","-86.815"
"08/28/2023","AQS","010730023","4","27","ug/m3 SC","25","North Birmingham","1","100.0000","81102","PM10 Total 0-10um STP","239","13820","Birmingham-Hoover, AL","01","Alabama","073","Jefferson","33.5530560008695","-86.815"
"08/29/2023","AQS","010730023","4","21","ug/m3 SC","19","North Birmingham","1","100.0000","81102","PM10 Total 0-10um STP","239","13820","Birmingham-Hoover, AL","01","Alabama","073","Jefferson","33.5530560008695","-86.815"
"08/30/2023","AQS","010730023","4","23","ug/m3 SC","21","North Birmingham","1","100.0000","81102","PM10 Total 0-10um STP","239","13820","Birmingham-Hoover, AL","01","Alabama","073","Jefferson","33.5530560008695","-86.815"
"08/31/2023","AQS","010730023","4","27","ug/m3 SC","25","North Birmingham","1","100.0000","81102","PM10 Total 0-10um STP","239","13820","Birmingham-Hoover, AL","01","Alabama","073","Jefferson","33.5530560008695","-86.815"
"09/01/2023","AQS","010730023","4","24","ug/m3 SC","22","North Birmingham","1","100.0000","81102","PM10 Total 0-10um STP","239","13820","Birmingham-Hoover, AL","01","Alabama","073","Jefferson","33.5530560008695","-86.815"
"09/02/2023","AQS","010730023","4","20","ug/m3 SC","19","North Birmingham","1","100.0000","81102","PM10 Total 0-10um STP","239","13820","Birmingham-Hoover, AL","01","Alabama","073","Jefferson","33.5530560008695","-86.815"
"09/03/2023","AQS","010730023","4","26","ug/m3 SC","24","North Birmingham","1","100.0000","81102","PM10 Total 0-10um STP","239","13820","Birmingham-Hoover, AL","01","Alabama","073","Jefferson","33.5530560008695","-86.815"
"09/04/2023","AQS","010730023","4","26","ug/m3 SC","24","North Birmingham","1","100.0000","81102","PM10 Total 0-10um STP","239","13820","Birmingham-Hoover, AL","01","Alabama","073","Jefferson","33.5530560008695","-86.815"
"09/05/2023","AQS","010730023","4","36","ug/m3 SC","33","North Birmingham","1","100.0000","81102","PM10 Total 0-10um STP","239","13820","Birmingham-Hoover, AL","01","Alabama","073","Jefferson","33.5530560008695","-86.815"
"09/06/2023","AQS","010730023","4","27","ug/m3 SC","25","North Birmingham","1","100.0000","81102","PM10 Total 0-10um STP","239","13820","Birmingham-Hoover, AL","01","Alabama","073","Jefferson","33.5530560008695","-86.815"
"09/07/2023","AQS","010730023","4","25","ug/m3 SC","23","North Birmingham","1","100.0000","81102","PM10 Total 0-10um STP","239","13820","Birmingham-Hoover, AL","01","Alabama","073","Jefferson","33.5530560008695","-86.815"
"09/08/2023","AQS","010730023","4","41","ug/m3 SC","38","North Birmingham","1","100.0000","81102","PM10 Total 0-10um STP","239","13820","Birmingham-Hoover, AL","01","Alabama","073","Jefferson","33.5530560008695","-86.815"
"09/09/2023","AQS","010730023","4","31","ug/m3 SC","29","North Birmingham","1","100.0000","81102","PM10 Total 0-10um STP","239","13820","Birmingham-Hoover, AL","01","Alabama","073","Jefferson","33.5530560008695","-86.815"
"09/10/2023","AQS","010730023","4","29","ug/m3 SC","27","North Birmingham","1","100.0000","81102","PM10 Total 0-10um STP","239","13820","Birmingham-Hoover, AL","01","Alabama","073","Jefferson","33.5530560008695","-86.815"
"09/11/2023","AQS","010730023","4","42","ug/m3 SC","39","North Birmingham","1","100.0000","81102","PM10 Total 0-10um STP","239","13820","Birmingham-Hoover, AL","01","Alabama","073","Jefferson","33.5530560008695","-86.815"
"09/12/2023","AQS","010730023","4","47","ug/m3 SC","44","North Birmingham","1","100.0000","81102","PM10 Total 0-10um STP","239","13820","Birmingham-Hoover, AL","01","Alabama","073","Jefferson","33.5530560008695","-86.815"
"09/13/2023","AQS","010730023","4","29","ug/m3 SC","27","North Birmingham","1","100.0000","81102","PM10 Total 0-10um STP","239","13820","Birmingham-Hoover, AL","01","Alabama","073","Jefferson","33.5530560008695","-86.815"
"09/14/2023","AQS","010730023","4","29","ug/m3 SC","27","North Birmingham","1","100.0000","81102","PM10 Total 0-10um STP","239","13820","Birmingham-Hoover, AL","01","Alabama","073","Jefferson","33.5530560008695","-86.815"
"09/15/2023","AQS","010730023","4","32","ug/m3 SC","30","North Birmingham","1","100.0000","81102","PM10 Total 0-10um STP","239","13820","Birmingham-Hoover, AL","01","Alabama","073","Jefferson","33.5530560008695","-86.815"
"09/16/2023","AQS","010730023","4","23","ug/m3 SC","21","North Birmingham","1","100.0000","81102","PM10 Total 0-10um STP","239","13820","Birmingham-Hoover, AL","01","Alabama","073","Jefferson","33.5530560008695","-86.815"
"09/17/2023","AQS","010730023","4","25","ug/m3 SC","23","North Birmingham","1","100.0000","81102","PM10 Total 0-10um STP","239","13820","Birmingham-Hoover, AL","01","Alabama","073","Jefferson","33.5530560008695","-86.815"
"09/18/2023","AQS","010730023","4","42","ug/m3 SC","39","North Birmingham","1","100.0000","81102","PM10 Total 0-10um STP","239","13820","Birmingham-Hoover, AL","01","Alabama","073","Jefferson","33.5530560008695","-86.815"
"09/19/2023","AQS","010730023","4","34","ug/m3 SC","31","North Birmingham","1","100.0000","81102","PM10 Total 0-10um STP","239","13820","Birmingham-Hoover, AL","01","Alabama","073","Jefferson","33.5530560008695","-86.815"
"09/20/2023","AQS","010730023","4","64","ug/m3 SC","55","North Birmingham","1","100.0000","81102","PM10 Total 0-10um STP","239","13820","Birmingham-Hoover, AL","01","Alabama","073","Jefferson","33.5530560008695","-86.815"
"09/21/2023","AQS","010730023","4","39","ug/m3 SC","36","North Birmingham","1","100.0000","81102","PM10 Total 0-10um STP","239","13820","Birmingham-Hoover, AL","01","Alabama","073","Jefferson","33.5530560008695","-86.815"
"09/22/2023","AQS","010730023","4","52","ug/m3 SC","48","North Birmingham","1","100.0000","81102","PM10 Total 0-10um STP","239","13820","Birmingham-Hoover, AL","01","Alabama","073","Jefferson","33.5530560008695","-86.815"
"09/23/2023","AQS","010730023","4","43","ug/m3 SC","40","North Birmingham","1","100.0000","81102","PM10 Total 0-10um STP","239","13820","Birmingham-Hoover, AL","01","Alabama","073","Jefferson","33.5530560008695","-86.815"
"09/24/2023","AQS","010730023","4","43","ug/m3 SC","40","North Birmingham","1","100.0000","81102","PM10 Total 0-10um STP","239","13820","Birmingham-Hoover, AL","01","Alabama","073","Jefferson","33.5530560008695","-86.815"
"09/25/2023","AQS","010730023","4","55","ug/m3 SC","51","North Birmingham","1","100.0000","81102","PM10 Total 0-10um STP","239","13820","Birmingham-Hoover, AL","01","Alabama","073","Jefferson","33.5530560008695","-86.815"
"09/26/2023","AQS","010730023","4","46","ug/m3 SC","43","North Birmingham","1","100.0000","81102","PM10 Total 0-10um STP","239","13820","Birmingham-Hoover, AL","01","Alabama","073","Jefferson","33.5530560008695","-86.815"
"09/27/2023","AQS","010730023","4","32","ug/m3 SC","30","North Birmingham","1","100.0000","81102","PM10 Total 0-10um STP","239","13820","Birmingham-Hoover, AL","01","Alabama","073","Jefferson","33.5530560008695","-86.815"
"09/28/2023","AQS","010730023","4","27","ug/m3 SC","25","North Birmingham","1","100.0000","81102","PM10 Total 0-10um STP","239","13820","Birmingham-Hoover, AL","01","Alabama","073","Jefferson","33.5530560008695","-86.815"
"09/29/2023","AQS","010730023","4","34","ug/m3 SC","31","North Birmingham","1","100.0000","81102","PM10 Total 0-10um STP","239","13820","Birmingham-Hoover, AL","01","Alabama","073","Jefferson","33.5530560008695","-86.815"
"09/30/2023","AQS","010730023","4","34","ug/m3 SC","31","North Birmingham","1","100.0000","81102","PM10 Total 0-10um STP","239","13820","Birmingham-Hoover, AL","01","Alabama","073","Jefferson","33.5530560008695","-86.815"
"10/01/2023","AQS","010730023","4","32","ug/m3 SC","30","North Birmingham","1","100.0000","81102","PM10 Total 0-10um STP","239","13820","Birmingham-Hoover, AL","01","Alabama","073","Jefferson","33.5530560008695","-86.815"
"10/02/2023","AQS","010730023","4","31","ug/m3 SC","29","North Birmingham","1","100.0000","81102","PM10 Total 0-10um STP","239","13820","Birmingham-Hoover, AL","01","Alabama","073","Jefferson","33.5530560008695","-86.815"
"10/03/2023","AQS","010730023","4","44","ug/m3 SC","41","North Birmingham","1","100.0000","81102","PM10 Total 0-10um STP","239","13820","Birmingham-Hoover, AL","01","Alabama","073","Jefferson","33.5530560008695","-86.815"
"10/04/2023","AQS","010730023","4","57","ug/m3 SC","52","North Birmingham","1","100.0000","81102","PM10 Total 0-10um STP","239","13820","Birmingham-Hoover, AL","01","Alabama","073","Jefferson","33.5530560008695","-86.815"
"10/05/2023","AQS","010730023","4","39","ug/m3 SC","36","North Birmingham","1","100.0000","81102","PM10 Total 0-10um STP","239","13820","Birmingham-Hoover, AL","01","Alabama","073","Jefferson","33.5530560008695","-86.815"
"10/06/2023","AQS","010730023","4","31","ug/m3 SC","29","North Birmingham","1","100.0000","81102","PM10 Total 0-10um STP","239","13820","Birmingham-Hoover, AL","01","Alabama","073","Jefferson","33.5530560008695","-86.815"
"10/07/2023","AQS","010730023","4","21","ug/m3 SC","19","North Birmingham","1","100.0000","81102","PM10 Total 0-10um STP","239","13820","Birmingham-Hoover, AL","01","Alabama","073","Jefferson","33.5530560008695","-86.815"
"10/08/2023","AQS","010730023","4","16","ug/m3 SC","15","North Birmingham","1","100.0000","81102","PM10 Total 0-10um STP","239","13820","Birmingham-Hoover, AL","01","Alabama","073","Jefferson","33.5530560008695","-86.815"
"10/09/2023","AQS","010730023","4","38","ug/m3 SC","35","North Birmingham","1","100.0000","81102","PM10 Total 0-10um STP","239","13820","Birmingham-Hoover, AL","01","Alabama","073","Jefferson","33.5530560008695","-86.815"
"10/10/2023","AQS","010730023","4","43","ug/m3 SC","40","North Birmingham","1","100.0000","81102","PM10 Total 0-10um STP","239","13820","Birmingham-Hoover, AL","01","Alabama","073","Jefferson","33.5530560008695","-86.815"
"10/11/2023","AQS","010730023","4","90","ug/m3 SC","68","North Birmingham","1","100.0000","81102","PM10 Total 0-10um STP","239","13820","Birmingham-Hoover, AL","01","Alabama","073","Jefferson","33.5530560008695","-86.815"
"10/12/2023","AQS","010730023","4","15","ug/m3 SC","14","North Birmingham","1","100.0000","81102","PM10 Total 0-10um STP","239","13820","Birmingham-Hoover, AL","01","Alabama","073","Jefferson","33.5530560008695","-86.815"
"10/13/2023","AQS","010730023","4","19","ug/m3 SC","18","North Birmingham","1","100.0000","81102","PM10 Total 0-10um STP","239","13820","Birmingham-Hoover, AL","01","Alabama","073","Jefferson","33.5530560008695","-86.815"
"10/14/2023","AQS","010730023","4","23","ug/m3 SC","21","North Birmingham","1","100.0000","81102","PM10 Total 0-10um STP","239","13820","Birmingham-Hoover, AL","01","Alabama","073","Jefferson","33.5530560008695","-86.815"
"10/15/2023","AQS","010730023","4","9","ug/m3 SC","8","North Birmingham","1","100.0000","81102","PM10 Total 0-10um STP","239","13820","Birmingham-Hoover, AL","01","Alabama","073","Jefferson","33.5530560008695","-86.815"
"10/16/2023","AQS","010730023","4","13","ug/m3 SC","12","North Birmingham","1","100.0000","81102","PM10 Total 0-10um STP","239","13820","Birmingham-Hoover, AL","01","Alabama","073","Jefferson","33.5530560008695","-86.815"
"10/17/2023","AQS","010730023","4","17","ug/m3 SC","16","North Birmingham","1","100.0000","81102","PM10 Total 0-10um STP","239","13820","Birmingham-Hoover, AL","01","Alabama","073","Jefferson","33.5530560008695","-86.815"
"10/18/2023","AQS","010730023","4","34","ug/m3 SC","31","North Birmingham","1","100.0000","81102","PM10 Total 0-10um STP","239","13820","Birmingham-Hoover, AL","01","Alabama","073","Jefferson","33.5530560008695","-86.815"
"10/19/2023","AQS","010730023","4","50","ug/m3 SC","46","North Birmingham","1","100.0000","81102","PM10 Total 0-10um STP","239","13820","Birmingham-Hoover, AL","01","Alabama","073","Jefferson","33.5530560008695","-86.815"
"10/20/2023","AQS","010730023","4","29","ug/m3 SC","27","North Birmingham","1","100.0000","81102","PM10 Total 0-10um STP","239","13820","Birmingham-Hoover, AL","01","Alabama","073","Jefferson","33.5530560008695","-86.815"
"10/21/2023","AQS","010730023","4","29","ug/m3 SC","27","North Birmingham","1","100.0000","81102","PM10 Total 0-10um STP","239","13820","Birmingham-Hoover, AL","01","Alabama","073","Jefferson","33.5530560008695","-86.815"
"10/22/2023","AQS","010730023","4","32","ug/m3 SC","30","North Birmingham","1","100.0000","81102","PM10 Total 0-10um STP","239","13820","Birmingham-Hoover, AL","01","Alabama","073","Jefferson","33.5530560008695","-86.815"
"10/23/2023","AQS","010730023","4","33","ug/m3 SC","31","North Birmingham","1","100.0000","81102","PM10 Total 0-10um STP","239","13820","Birmingham-Hoover, AL","01","Alabama","073","Jefferson","33.5530560008695","-86.815"
"10/24/2023","AQS","010730023","4","34","ug/m3 SC","31","North Birmingham","1","100.0000","81102","PM10 Total 0-10um STP","239","13820","Birmingham-Hoover, AL","01","Alabama","073","Jefferson","33.5530560008695","-86.815"
"10/25/2023","AQS","010730023","4","30","ug/m3 SC","28","North Birmingham","1","100.0000","81102","PM10 Total 0-10um STP","239","13820","Birmingham-Hoover, AL","01","Alabama","073","Jefferson","33.5530560008695","-86.815"
"10/26/2023","AQS","010730023","4","27","ug/m3 SC","25","North Birmingham","1","100.0000","81102","PM10 Total 0-10um STP","239","13820","Birmingham-Hoover, AL","01","Alabama","073","Jefferson","33.5530560008695","-86.815"
"10/27/2023","AQS","010730023","4","40","ug/m3 SC","37","North Birmingham","1","100.0000","81102","PM10 Total 0-10um STP","239","13820","Birmingham-Hoover, AL","01","Alabama","073","Jefferson","33.5530560008695","-86.815"
"10/28/2023","AQS","010730023","4","29","ug/m3 SC","27","North Birmingham","1","100.0000","81102","PM10 Total 0-10um STP","239","13820","Birmingham-Hoover, AL","01","Alabama","073","Jefferson","33.5530560008695","-86.815"
"10/29/2023","AQS","010730023","4","28","ug/m3 SC","26","North Birmingham","1","100.0000","81102","PM10 Total 0-10um STP","239","13820","Birmingham-Hoover, AL","01","Alabama","073","Jefferson","33.5530560008695","-86.815"
"10/30/2023","AQS","010730023","4","22","ug/m3 SC","20","North Birmingham","1","100.0000","81102","PM10 Total 0-10um STP","239","13820","Birmingham-Hoover, AL","01","Alabama","073","Jefferson","33.5530560008695","-86.815"
"10/31/2023","AQS","010730023","4","17","ug/m3 SC","16","North Birmingham","1","100.0000","81102","PM10 Total 0-10um STP","239","13820","Birmingham-Hoover, AL","01","Alabama","073","Jefferson","33.5530560008695","-86.815"
"11/01/2023","AQS","010730023","4","20","ug/m3 SC","19","North Birmingham","1","100.0000","81102","PM10 Total 0-10um STP","239","13820","Birmingham-Hoover, AL","01","Alabama","073","Jefferson","33.5530560008695","-86.815"
"11/02/2023","AQS","010730023","4","42","ug/m3 SC","39","North Birmingham","1","100.0000","81102","PM10 Total 0-10um STP","239","13820","Birmingham-Hoover, AL","01","Alabama","073","Jefferson","33.5530560008695","-86.815"
"11/03/2023","AQS","010730023","4","41","ug/m3 SC","38","North Birmingham","1","100.0000","81102","PM10 Total 0-10um STP","239","13820","Birmingham-Hoover, AL","01","Alabama","073","Jefferson","33.5530560008695","-86.815"
"11/04/2023","AQS","010730023","4","50","ug/m3 SC","46","North Birmingham","1","100.0000","81102","PM10 Total 0-10um STP","239","13820","Birmingham-Hoover, AL","01","Alabama","073","Jefferson","33.5530560008695","-86.815"
"11/05/2023","AQS","010730023","4","49","ug/m3 SC","45","North Birmingham","1","100.0000","81102","PM10 Total 0-10um STP","239","13820","Birmingham-Hoover, AL","01","Alabama","073","Jefferson","33.5530560008695","-86.815"
"11/06/2023","AQS","010730023","4","72","ug/m3 SC","59","North Birmingham","1","100.0000","81102","PM10 Total 0-10um STP","239","13820","Birmingham-Hoover, AL","01","Alabama","073","Jefferson","33.5530560008695","-86.815"
"11/07/2023","AQS","010730023","4","58","ug/m3 SC","52","North Birmingham","1","100.0000","81102","PM10 Total 0-10um STP","239","13820","Birmingham-Hoover, AL","01","Alabama","073","Jefferson","33.5530560008695","-86.815"
"11/08/2023","AQS","010730023","4","39","ug/m3 SC","36","North Birmingham","1","100.0000","81102","PM10 Total 0-10um STP","239","13820","Birmingham-Hoover, AL","01","Alabama","073","Jefferson","33.5530560008695","-86.815"
"11/09/2023","AQS","010730023","4","47","ug/m3 SC","44","North Birmingham","1","100.0000","81102","PM10 Total 0-10um STP","239","13820","Birmingham-Hoover, AL","01","Alabama","073","Jefferson","33.5530560008695","-86.815"
"11/10/2023","AQS","010730023","4","29","ug/m3 SC","27","North Birmingham","1","100.0000","81102","PM10 Total 0-10um STP","239","13820","Birmingham-Hoover, AL","01","Alabama","073","Jefferson","33.5530560008695","-86.815"
"11/11/2023","AQS","010730023","4","16","ug/m3 SC","15","North Birmingham","1","100.0000","81102","PM10 Total 0-10um STP","239","13820","Birmingham-Hoover, AL","01","Alabama","073","Jefferson","33.5530560008695","-86.815"
"11/12/2023","AQS","010730023","4","20","ug/m3 SC","19","North Birmingham","1","100.0000","81102","PM10 Total 0-10um STP","239","13820","Birmingham-Hoover, AL","01","Alabama","073","Jefferson","33.5530560008695","-86.815"
"11/13/2023","AQS","010730023","4","28","ug/m3 SC","26","North Birmingham","1","100.0000","81102","PM10 Total 0-10um STP","239","13820","Birmingham-Hoover, AL","01","Alabama","073","Jefferson","33.5530560008695","-86.815"
"11/14/2023","AQS","010730023","4","34","ug/m3 SC","31","North Birmingham","1","100.0000","81102","PM10 Total 0-10um STP","239","13820","Birmingham-Hoover, AL","01","Alabama","073","Jefferson","33.5530560008695","-86.815"
"11/15/2023","AQS","010730023","4","21","ug/m3 SC","19","North Birmingham","1","100.0000","81102","PM10 Total 0-10um STP","239","13820","Birmingham-Hoover, AL","01","Alabama","073","Jefferson","33.5530560008695","-86.815"
"11/16/2023","AQS","010730023","4","22","ug/m3 SC","20","North Birmingham","1","100.0000","81102","PM10 Total 0-10um STP","239","13820","Birmingham-Hoover, AL","01","Alabama","073","Jefferson","33.5530560008695","-86.815"
"11/17/2023","AQS","010730023","4","22","ug/m3 SC","20","North Birmingham","1","100.0000","81102","PM10 Total 0-10um STP","239","13820","Birmingham-Hoover, AL","01","Alabama","073","Jefferson","33.5530560008695","-86.815"
"11/18/2023","AQS","010730023","4","19","ug/m3 SC","18","North Birmingham","1","100.0000","81102","PM10 Total 0-10um STP","239","13820","Birmingham-Hoover, AL","01","Alabama","073","Jefferson","33.5530560008695","-86.815"
"11/19/2023","AQS","010730023","4","23","ug/m3 SC","21","North Birmingham","1","100.0000","81102","PM10 Total 0-10um STP","239","13820","Birmingham-Hoover, AL","01","Alabama","073","Jefferson","33.5530560008695","-86.815"
"11/20/2023","AQS","010730023","4","34","ug/m3 SC","31","North Birmingham","1","100.0000","81102","PM10 Total 0-10um STP","239","13820","Birmingham-Hoover, AL","01","Alabama","073","Jefferson","33.5530560008695","-86.815"
"11/21/2023","AQS","010730023","4","13","ug/m3 SC","12","North Birmingham","1","100.0000","81102","PM10 Total 0-10um STP","239","13820","Birmingham-Hoover, AL","01","Alabama","073","Jefferson","33.5530560008695","-86.815"
"11/22/2023","AQS","010730023","4","12","ug/m3 SC","11","North Birmingham","1","100.0000","81102","PM10 Total 0-10um STP","239","13820","Birmingham-Hoover, AL","01","Alabama","073","Jefferson","33.5530560008695","-86.815"
"11/23/2023","AQS","010730023","4","17","ug/m3 SC","16","North Birmingham","1","100.0000","81102","PM10 Total 0-10um STP","239","13820","Birmingham-Hoover, AL","01","Alabama","073","Jefferson","33.5530560008695","-86.815"
"11/24/2023","AQS","010730023","4","19","ug/m3 SC","18","North Birmingham","1","100.0000","81102","PM10 Total 0-10um STP","239","13820","Birmingham-Hoover, AL","01","Alabama","073","Jefferson","33.5530560008695","-86.815"
"11/25/2023","AQS","010730023","4","23","ug/m3 SC","21","North Birmingham","1","100.0000","81102","PM10 Total 0-10um STP","239","13820","Birmingham-Hoover, AL","01","Alabama","073","Jefferson","33.5530560008695","-86.815"
"11/26/2023","AQS","010730023","4","19","ug/m3 SC","18","North Birmingham","1","100.0000","81102","PM10 Total 0-10um STP","239","13820","Birmingham-Hoover, AL","01","Alabama","073","Jefferson","33.5530560008695","-86.815"
"11/27/2023","AQS","010730023","4","12","ug/m3 SC","11","North Birmingham","1","100.0000","81102","PM10 Total 0-10um STP","239","13820","Birmingham-Hoover, AL","01","Alabama","073","Jefferson","33.5530560008695","-86.815"
"11/28/2023","AQS","010730023","4","15","ug/m3 SC","14","North Birmingham","1","100.0000","81102","PM10 Total 0-10um STP","239","13820","Birmingham-Hoover, AL","01","Alabama","073","Jefferson","33.5530560008695","-86.815"
"11/29/2023","AQS","010730023","4","34","ug/m3 SC","31","North Birmingham","1","100.0000","81102","PM10 Total 0-10um STP","239","13820","Birmingham-Hoover, AL","01","Alabama","073","Jefferson","33.5530560008695","-86.815"
"11/30/2023","AQS","010730023","4","41","ug/m3 SC","38","North Birmingham","1","100.0000","81102","PM10 Total 0-10um STP","239","13820","Birmingham-Hoover, AL","01","Alabama","073","Jefferson","33.5530560008695","-86.815"
"12/01/2023","AQS","010730023","4","28","ug/m3 SC","26","North Birmingham","1","100.0000","81102","PM10 Total 0-10um STP","239","13820","Birmingham-Hoover, AL","01","Alabama","073","Jefferson","33.5530560008695","-86.815"
"12/02/2023","AQS","010730023","4","13","ug/m3 SC","12","North Birmingham","1","100.0000","81102","PM10 Total 0-10um STP","239","13820","Birmingham-Hoover, AL","01","Alabama","073","Jefferson","33.5530560008695","-86.815"
"12/03/2023","AQS","010730023","4","19","ug/m3 SC","18","North Birmingham","1","100.0000","81102","PM10 Total 0-10um STP","239","13820","Birmingham-Hoover, AL","01","Alabama","073","Jefferson","33.5530560008695","-86.815"
"12/04/2023","AQS","010730023","4","22","ug/m3 SC","20","North Birmingham","1","100.0000","81102","PM10 Total 0-10um STP","239","13820","Birmingham-Hoover, AL","01","Alabama","073","Jefferson","33.5530560008695","-86.815"
"12/05/2023","AQS","010730023","4","20","ug/m3 SC","19","North Birmingham","1","100.0000","81102","PM10 Total 0-10um STP","239","13820","Birmingham-Hoover, AL","01","Alabama","073","Jefferson","33.5530560008695","-86.815"
"12/06/2023","AQS","010730023","4","13","ug/m3 SC","12","North Birmingham","1","100.0000","81102","PM10 Total 0-10um STP","239","13820","Birmingham-Hoover, AL","01","Alabama","073","Jefferson","33.5530560008695","-86.815"
"12/07/2023","AQS","010730023","4","34","ug/m3 SC","31","North Birmingham","1","100.0000","81102","PM10 Total 0-10um STP","239","13820","Birmingham-Hoover, AL","01","Alabama","073","Jefferson","33.5530560008695","-86.815"
"12/08/2023","AQS","010730023","4","29","ug/m3 SC","27","North Birmingham","1","100.0000","81102","PM10 Total 0-10um STP","239","13820","Birmingham-Hoover, AL","01","Alabama","073","Jefferson","33.5530560008695","-86.815"
"12/09/2023","AQS","010730023","4","17","ug/m3 SC","16","North Birmingham","1","100.0000","81102","PM10 Total 0-10um STP","239","13820","Birmingham-Hoover, AL","01","Alabama","073","Jefferson","33.5530560008695","-86.815"
"12/10/2023","AQS","010730023","4","10","ug/m3 SC","9","North Birmingham","1","100.0000","81102","PM10 Total 0-10um STP","239","13820","Birmingham-Hoover, AL","01","Alabama","073","Jefferson","33.5530560008695","-86.815"
"12/11/2023","AQS","010730023","4","14","ug/m3 SC","13","North Birmingham","1","100.0000","81102","PM10 Total 0-10um STP","239","13820","Birmingham-Hoover, AL","01","Alabama","073","Jefferson","33.5530560008695","-86.815"
"12/12/2023","AQS","010730023","4","26","ug/m3 SC","24","North Birmingham","1","100.0000","81102","PM10 Total 0-10um STP","239","13820","Birmingham-Hoover, AL","01","Alabama","073","Jefferson","33.5530560008695","-86.815"
"12/13/2023","AQS","010730023","4","26","ug/m3 SC","24","North Birmingham","1","100.0000","81102","PM10 Total 0-10um STP","239","13820","Birmingham-Hoover, AL","01","Alabama","073","Jefferson","33.5530560008695","-86.815"
"12/14/2023","AQS","010730023","4","27","ug/m3 SC","25","North Birmingham","1","100.0000","81102","PM10 Total 0-10um STP","239","13820","Birmingham-Hoover, AL","01","Alabama","073","Jefferson","33.5530560008695","-86.815"
"12/15/2023","AQS","010730023","4","16","ug/m3 SC","15","North Birmingham","1","100.0000","81102","PM10 Total 0-10um STP","239","13820","Birmingham-Hoover, AL","01","Alabama","073","Jefferson","33.5530560008695","-86.815"
"12/16/2023","AQS","010730023","4","14","ug/m3 SC","13","North Birmingham","1","100.0000","81102","PM10 Total 0-10um STP","239","13820","Birmingham-Hoover, AL","01","Alabama","073","Jefferson","33.5530560008695","-86.815"
"12/17/2023","AQS","010730023","4","11","ug/m3 SC","10","North Birmingham","1","100.0000","81102","PM10 Total 0-10um STP","239","13820","Birmingham-Hoover, AL","01","Alabama","073","Jefferson","33.5530560008695","-86.815"
"12/18/2023","AQS","010730023","4","11","ug/m3 SC","10","North Birmingham","1","100.0000","81102","PM10 Total 0-10um STP","239","13820","Birmingham-Hoover, AL","01","Alabama","073","Jefferson","33.5530560008695","-86.815"
"12/19/2023","AQS","010730023","4","14","ug/m3 SC","13","North Birmingham","1","100.0000","81102","PM10 Total 0-10um STP","239","13820","Birmingham-Hoover, AL","01","Alabama","073","Jefferson","33.5530560008695","-86.815"
"12/20/2023","AQS","010730023","4","24","ug/m3 SC","22","North Birmingham","1","100.0000","81102","PM10 Total 0-10um STP","239","13820","Birmingham-Hoover, AL","01","Alabama","073","Jefferson","33.5530560008695","-86.815"
"12/21/2023","AQS","010730023","4","40","ug/m3 SC","37","North Birmingham","1","100.0000","81102","PM10 Total 0-10um STP","239","13820","Birmingham-Hoover, AL","01","Alabama","073","Jefferson","33.5530560008695","-86.815"
"12/22/2023","AQS","010730023","4","38","ug/m3 SC","35","North Birmingham","1","100.0000","81102","PM10 Total 0-10um STP","239","13820","Birmingham-Hoover, AL","01","Alabama","073","Jefferson","33.5530560008695","-86.815"
"12/23/2023","AQS","010730023","4","28","ug/m3 SC","26","North Birmingham","1","100.0000","81102","PM10 Total 0-10um STP","239","13820","Birmingham-Hoover, AL","01","Alabama","073","Jefferson","33.5530560008695","-86.815"
"12/24/2023","AQS","010730023","4","15","ug/m3 SC","14","North Birmingham","1","100.0000","81102","PM10 Total 0-10um STP","239","13820","Birmingham-Hoover, AL","01","Alabama","073","Jefferson","33.5530560008695","-86.815"
"12/25/2023","AQS","010730023","4","8","ug/m3 SC","7","North Birmingham","1","100.0000","81102","PM10 Total 0-10um STP","239","13820","Birmingham-Hoover, AL","01","Alabama","073","Jefferson","33.5530560008695","-86.815"
"12/26/2023","AQS","010730023","4","15","ug/m3 SC","14","North Birmingham","1","100.0000","81102","PM10 Total 0-10um STP","239","13820","Birmingham-Hoover, AL","01","Alabama","073","Jefferson","33.5530560008695","-86.815"
"12/27/2023","AQS","010730023","4","50","ug/m3 SC","46","North Birmingham","1","100.0000","81102","PM10 Total 0-10um STP","239","13820","Birmingham-Hoover, AL","01","Alabama","073","Jefferson","33.5530560008695","-86.815"
"12/28/2023","AQS","010730023","4","9","ug/m3 SC","8","North Birmingham","1","100.0000","81102","PM10 Total 0-10um STP","239","13820","Birmingham-Hoover, AL","01","Alabama","073","Jefferson","33.5530560008695","-86.815"
"12/29/2023","AQS","010730023","4","10","ug/m3 SC","9","North Birmingham","1","100.0000","81102","PM10 Total 0-10um STP","239","13820","Birmingham-Hoover, AL","01","Alabama","073","Jefferson","33.5530560008695","-86.815"
"12/30/2023","AQS","010730023","4","11","ug/m3 SC","10","North Birmingham","1","100.0000","81102","PM10 Total 0-10um STP","239","13820","Birmingham-Hoover, AL","01","Alabama","073","Jefferson","33.5530560008695","-86.815"
"12/31/2023","AQS","010730023","4","21","ug/m3 SC","19","North Birmingham","1","100.0000","81102","PM10 Total 0-10um STP","239","13820","Birmingham-Hoover, AL","01","Alabama","073","Jefferson","33.5530560008695","-86.815"
